Registration Number,Operator,Airframe Report Date,Airframe Hours,Airframe Landings,ATA and Code,Tracked By Equipment,Equipment Hours,Equipment Cycles,Equipment Landings,Equipment RIN,Item Type,Requirement Type,Disposition,Group,Description,Reference,Part Number,Serial Number,Work Order,Scheduled,Estimated Work Hours,Notes,Compliance Date,Compliance Hours,Compliance Landings,Compliance Cycles,Compliance RIN,Interval Days,Interval Months,Interval Hours,Interval Landings,Interval Cycles,Interval RIN,Tolerance Months,Tolerance Days,Tolerance Hours,Tolerance Landings,Tolerance Cycles,Tolerance RIN,Next Due Date,Max Next Due Date,Next Due Hours,Max Next Due Hours,Next Due Landings,Max Next Due Landings,Next Due Cycles,Max Next Due Cycles,Next Due RIN,Max Next Due RIN,Remaining Days,Max Remaining Days,Remaining Months,Max Remaining Months,Remaining Hours,Max Remaining Hours ,Remaining Landings,Max Remaining Landings,Remaining Cycles,Max Remaining Cycles,Remaining RIN,Max Remaining RIN,Is Optional,Next Due Status,Aircraft Grounded,Estimated Due Date,Months Since New,Months Since Overhaul,Months Since Repair,Hours Since New,Hours Since Overhaul,Hours Since Repair,Landings Since New,Landings Since Overhaul,Landings Since Repair,Tags,SalesForce Case Number
N904KS,CLASSIC AIR MEDICAL,05/21/2026,3319.50,4054,,Airframe,3319.50,0.00,4054,0.00,DISCREPANCY,,,,Removed SFDS and sent out for repair.,,,,2026-904KS-015,"Friday, March 6, 2026",,,,,,,,,,,,,,,,,,,,,,,,,,,,,,,,,,,,,,,,,,No,,Yes,03/10/2026,,,,,,,,,,,
N904KS,CLASSIC AIR MEDICAL,05/21/2026,3319.50,4054,,Airframe,3319.50,0.00,4054,0.00,DISCREPANCY,,,,Landing gear removed to install on N90HG.,,,,,,,,,,,,,,,,,,,,,,,,,,,,,,,,,,,,,,,,,,,,,,,No,,Yes,05/22/2026,,,,,,,,,,,
N904KS,CLASSIC AIR MEDICAL,05/21/2026,3319.50,4054,34 21-03 B,Airframe,3319.50,0.00,4054,0.00,MEL,,,,SFDS not turning on without resetting multi times. ,,,,2026-904KS-015,"Friday, March 6, 2026",,"Standby Flight Display System (SFDS) (Proline 21 and Proline FUSION Equipped Airplanes) 
May be inoperative provided: 
a) PFD1 and PFD2 are operative, 
b) Operations are conducted in daylight VFR only, and 
c) Operations are not conducted into known or forecast over-the-top conditions.",,,,,,,,,,,,,,,,,,03/09/2026,,,,,,,,,,-18,,-2,,,,,,,,,,No,Past Due,No,03/09/2026,,,,,,,,,,,
N90HG,CLASSIC AIR MEDICAL,05/26/2026,4206.70,4808,32 0601,Airframe,4206.70,0.00,4808,0.00,INSPECTION,None,,,"INSPECT - LEFT MAIN GEAR AXLE ASSEMBLY and TORQUE KNEES - Inspect for cracks, wear and corrosion interior and exterior (Disassembly required)",,,,2026-90HG-030,"Wednesday, April 8, 2026",,,03/10/2020,1657.50,1321,,,,72,,8000,,,,60,,800,,,03/10/2026,,,,9321,,,,,,-17,,-2,,,,4513,,,,,,No,Past Due,,03/10/2026,,,,,,,,,,,
N90HG,CLASSIC AIR MEDICAL,05/26/2026,4206.70,4808,32 0601,Airframe,4206.70,0.00,4808,0.00,INSPECTION,None,,,"INSPECT - LEFT MAIN GEAR DRAG BRACE ASSEMBLY - Inspect for cracks, wear and corrosion interior and exterior (Disassembly required)",,,,2026-90HG-030,"Wednesday, April 8, 2026",,,03/10/2020,1657.50,1321,,,,72,,8000,,,,60,,800,,,03/10/2026,,,,9321,,,,,,-17,,-2,,,,4513,,,,,,No,Past Due,,03/10/2026,,,,,,,,,,,
N90HG,CLASSIC AIR MEDICAL,05/26/2026,4206.70,4808,32 0601,Airframe,4206.70,0.00,4808,0.00,INSPECTION,None,,,"INSPECT - LEFT MAIN GEAR SHOCK ABSORBER ASSEMBLY - Inspect for cracks, wear and corrosion interior and exterior (Disassembly required)",,,,2026-90HG-030,"Wednesday, April 8, 2026",,,03/10/2020,1657.50,1321,,,,72,,8000,,,,60,,800,,,03/10/2026,,,,9321,,,,,,-17,,-2,,,,4513,,,,,,No,Past Due,,03/10/2026,,,,,,,,,,,
N90HG,CLASSIC AIR MEDICAL,05/26/2026,4206.70,4808,32 1102,Airframe,4206.70,0.00,4808,0.00,INSPECTION,,,,"INSPECT-  RIGHT MAIN GEAR AXLE ASSEMBLY and TORQUE KNEES - Inspect for cracks, wear and corrosion interior and exterior (Disassembly required).",,,,2026-90HG-030,"Wednesday, April 8, 2026",,,03/10/2020,1657.50,1321,,,,72,,8000,,,,60,,800,,,03/10/2026,,,,9321,,,,,,-17,,-2,,,,4513,,,,,,No,Past Due,,03/10/2026,,,,,,,,,,,
N90HG,CLASSIC AIR MEDICAL,05/26/2026,4206.70,4808,32 1102,Airframe,4206.70,0.00,4808,0.00,INSPECTION,,,,"INSPECT-  RIGHT MAIN GEAR DRAG BRACE ASSEMBLY - Inspect for cracks, wear and corrosion interior and exterior (Disassembly required).",,,,2026-90HG-030,"Wednesday, April 8, 2026",,,03/10/2020,1657.50,1321,,,,72,,8000,,,,60,,800,,,03/10/2026,,,,9321,,,,,,-17,,-2,,,,4513,,,,,,No,Past Due,,03/10/2026,,,,,,,,,,,
N90HG,CLASSIC AIR MEDICAL,05/26/2026,4206.70,4808,32 1102,Airframe,4206.70,0.00,4808,0.00,INSPECTION,,,R MAIN GEAR,"INSPECT-  RIGHT MAIN GEAR SHOCK ABSORBER ASSEMBLY - Inspect for cracks, wear and corrosion interior and exterior (Disassembly required).",,90-810039-2,12021301ICT,2026-90HG-030,"Wednesday, April 8, 2026",,,03/10/2020,1657.50,1321,,,,72,,8000,,,,60,,800,,,03/10/2026,,,,9321,,,,,,-17,,-2,,,,4513,,,,,,No,Past Due,,03/10/2026,,,,,,,,,,,
N90HG,CLASSIC AIR MEDICAL,05/26/2026,4206.70,4808,32 1602,Airframe,4206.70,0.00,4808,0.00,INSPECTION,,,NOSE GEAR,"INSPECT - NOSE GEAR AXLE ASSEMBLY and TORQUE KNEES - Inspect for cracks, wear and corrosion interior and exterior (Disassembly require).",,101-820029-31,11131301ICT,2026-90HG-030,"Wednesday, April 8, 2026",,,03/10/2020,1657.50,1321,,,,72,,8000,,,,60,,800,,,03/10/2026,,,,9321,,,,,,-17,,-2,,,,4513,,,,,,No,Past Due,,03/10/2026,,,,,,,,,,,
N90HG,CLASSIC AIR MEDICAL,05/26/2026,4206.70,4808,32 1602,Airframe,4206.70,0.00,4808,0.00,INSPECTION,,,NOSE GEAR,"INSPECT - NOSE GEAR DRAG BRACE ASSEMBLY - Inspect for cracks, wear and corrosion interior and exterior (Disassembly required)",,101-820029-31,11131301ICT,2026-90HG-030,"Wednesday, April 8, 2026",,,03/10/2020,1657.50,1321,,,,72,,8000,,,,60,,800,,,03/10/2026,,,,9321,,,,,,-17,,-2,,,,4513,,,,,,No,Past Due,,03/10/2026,,,,,,,,,,,
N981HC,IHC Health Services,04/24/2026,1269.70,894,34,Airframe,1269.70,,894,,INSPECTION,,,,JEPPVIEW DATA DISK UPDATE,,,,,,,Updated JeppView Database. All Work Completed IAW Manufactures Instructions.,04/07/2026,1265.40,891,,,0,0,,0,0.00,0.00,0,0,,0,0.00,0.00,04/24/2026,,,,,,,,,,-3,,-1,,,,,,,,,,No,Past Due,,04/24/2026,,,,,,,,,,,
N981HC,IHC Health Services,04/24/2026,1269.70,894,34,Airframe,1269.70,,894,,INSPECTION,,,,PROLINE FUSION NAV DATA,,,,,,,Updated Rockwell Collins Fusion Nav Data IAW manufactures instructions.,04/07/2026,1265.40,891,,,0,0,,0,0.00,0.00,0,0,,0,0.00,0.00,05/13/2026,,,,,,,,,,-14,,0,,,,,,,,,,No,Past Due,,05/13/2026,,,,,,,,,,,
N904KS,CLASSIC AIR MEDICAL,05/21/2026,3319.50,4054,32 0000,Airframe,3319.50,0.00,4054,0.00,PART,None,,,LH MAIN LANDING GEAR ASSEMBLY,,,,2026-904KS-015,"Friday, March 6, 2026",,,05/21/2026,3319.50,4054,,,,,,,,,,,,,,,,,,,,,,,,,,,,,,,,,,,,,No,Past Due,,,,,,,,,,,,,
N904KS,CLASSIC AIR MEDICAL,05/21/2026,3319.50,4054,32 0000,Airframe,3319.50,0.00,4054,0.00,PART,None,,,RH MAIN LANDING GEAR ASSEMBLY,,,,2026-904KS-015,"Friday, March 6, 2026",,,05/21/2026,3319.50,4054,,,,,,,,,,,,,,,,,,,,,,,,,,,,,,,,,,,,,No,Past Due,,,,,,,,,,,,,
N904KS,CLASSIC AIR MEDICAL,05/21/2026,3319.50,4054,32 1601,Airframe,3319.50,0.00,4054,0.00,PART,None,,,NOSE LANDING GEAR ASSEMBLY,,,,2026-904KS-015,"Friday, March 6, 2026",,,05/21/2026,3319.50,4054,,,,,,,,,,,,,,,,,,,,,,,,,,,,,,,,,,,,,No,Past Due,,,,,,,,,,,,,
N981HC,IHC Health Services,04/24/2026,1269.70,894,05 20-14,Airframe,1269.70,,894,,INSPECTION,,,,INSPECTION DETAIL 14 (3000 CYCLE 36 MONTH FLAP INSP),,,,,,,INBOARD & OUTBOARD FLAP SPECIAL INSPECTIONS. TO BE COMPLETED EVERY 3000 CYCLES OR 36 MONTHS.,03/10/2023,730.20,486,,,,36,,3000,,,,60,,20,,,03/31/2026,,,,3486,,,,,,-27,,-1,,,,2592,,,,,,No,Within Tolerance,,03/31/2026,,,,,,,,,,,
N90HG,CLASSIC AIR MEDICAL,05/26/2026,4206.70,4808,32 1602,Airframe,4206.70,0.00,4808,0.00,INSPECTION,,,NOSE GEAR,"INSPECT-  NOSE GEAR SHOCK ABSORBER ASSEMBLY - Inspect for cracks, wear and corrosion interior and exterior (Disassembly required).",,101-820029-31,11131301ICT,2026-90HG-030,"Wednesday, April 8, 2026",,,03/10/2020,1657.50,1321,,,,72,,8000,,,,60,,800,,,03/31/2026,,,,9321,,,,,,-27,,-1,,,,4513,,,,,,No,Within Tolerance,,03/31/2026,,,,,,,,,,,
N90HG,CLASSIC AIR MEDICAL,05/26/2026,4206.70,4808,05 -25-05 INFO,Airframe,4206.70,0.00,4808,0.00,INSPECTION,,INFORMATIONAL,,PHASE (NOT TO EXCEED 200 HRS IN 12 MOS) - informational only - reference of time since last Phase inspection,,,,,,,This Maintenance task is informational only. It has been created with the purpose of not to exceed 200hrs between two Phase inspections. Records personal can add compliance to this informational only item based on the signed off phase inspections,12/14/2025,3990.60,4524,,,0,12,200.00,0,0.00,0.00,0,0,20.00,0,0.00,0.00,12/31/2026,,4190.60,,,,,,,,4,,7,,-16.10,,,,,,,,Yes,Within Tolerance,,05/18/2026,,,,,,,,,,,
N90HG,CLASSIC AIR MEDICAL,05/26/2026,4206.70,4808,05 7005,Engine 1,4004.60,4538.00,0,0.00,INSPECTION,,,,ENGINE - MINOR INSPECTION - PCE-PZ1468,,,,2026-90HG-030,"Wednesday, April 8, 2026",,,12/14/2025,3788.50,,4254.00,,,,200.00,,,,,,20.00,,,,,,3988.50,,,,,,,,,,,,-16.10,,,,,,,,No,Within Tolerance,,05/18/2026,,,,,,,,,,,
N90HG,CLASSIC AIR MEDICAL,05/26/2026,4206.70,4808,12 2020,Airframe,4206.70,0.00,4808,0.00,INSPECTION,,,,LUBRICATION 200 HOUR,,,,2026-90HG-030,"Wednesday, April 8, 2026",,"Previous phase completed within the 20 hour window, but early. adjusted to show correct next due time",12/12/2025,3990.60,4524,,,,,200.00,,,,,,20.00,,,,,,4190.60,,,,,,,,,,,,-16.10,,,,,,,,No,Within Tolerance,,05/18/2026,,,,,,,,,,,
N481HC,IHC Health Services,05/27/2026,9887.60,11665,12 2004,Airframe,9887.60,,11665,,INSPECTION,,,,COMPLY WITH 1200 HR LUBE ITEMS,,,,,,,[120 HOUR WINDOW]  [CUSTOM FREQUENCY],11/06/2024,8666.60,10265,,,0,0,1200.00,0,0.00,0.00,,,120.00,,,,,,9866.60,,,,,,,,,,,,-21.00,,,,,,,,No,Within Tolerance,,05/19/2026,,,,,,,,,,,
N481HC,IHC Health Services,05/27/2026,9887.60,11665,27 2709,Airframe,9887.60,,11665,,INSPECTION,,,,TRIM TAB FREE PLAY CHECKS - CHECK ELEVATOR TRIM TAB FREE PLAY,,,,,,,COMPLIED WITH DURING PHASE 2 INSPECTION REQUIREMENTS-REF PHASE 2  INSP TABLE 605 ITEMS 9 a & b,11/02/2024,8666.60,10265,,,0,0,1200.00,0,0.00,0.00,0,0,120.00,0,0.00,0.00,,,9866.60,,,,,,,,,,,,-21.00,,,,,,,,No,Within Tolerance,,05/19/2026,,,,,,,,,,,
N481HC,IHC Health Services,05/27/2026,9887.60,11665,27 2710,Airframe,9887.60,,11665,,INSPECTION,,,,TRIM TAB FREE PLAY CHECKS - CHECK RUDDER TRIM TAB FREE PLAY,,,,,,,COMPLIED WITH DURING PHASE 2 INSPECTION REQUIREMENTS-REF PHASE 2  INSP TABLE 605 ITEMS 9 a & b,11/02/2024,8666.60,10265,,,0,0,1200.00,0,0.00,0.00,0,0,120.00,0,0.00,0.00,,,9866.60,,,,,,,,,,,,-21.00,,,,,,,,No,Within Tolerance,,05/19/2026,,,,,,,,,,,
N481HC,IHC Health Services,05/27/2026,9887.60,11665,12 2001,Airframe,9887.60,,11665,,INSPECTION,,,,COMPLY WITH 400 HR LUBE ITEMS,,,,,,,[40 HOUR WINDOW]  [CUSTOM FREQUENCY],01/13/2026,9468.90,11223,,,0,0,400.00,0,0.00,0.00,,,40.00,,,,,,9868.90,,,,,,,,,,,,-18.70,,,,,,,,No,Within Tolerance,,05/20/2026,,,,,,,,,,,
N481HC,IHC Health Services,05/27/2026,9887.60,11665,61 0003,Propeller 2,4335.80,0.00,,,INSPECTION,,,,HARTZELL PROPELLER DETAILED INSPECTION,,,,,,,,12/17/2025,3917.10,,,,0,12,400.00,,0.00,,,,40.00,,,,12/17/2026,,4317.10,,,,,,,,20,,6,,-18.70,,,,,,,,No,Within Tolerance,,05/20/2026,,,,,,,,,,,
N481HC,IHC Health Services,05/27/2026,9887.60,11665,61 0003,Propeller 1,6896.50,0.00,,,INSPECTION,,INSPECT,,HARTZELL PROPELLER DETAILED INSPECTION,,,,,,,[40 HOUR WINDOW]  [CUSTOM FREQUENCY],12/18/2025,6477.80,,,,0,12,400.00,0,0.00,0.00,,,40.00,,,,12/18/2026,,6877.80,,,,,,,,21,,6,,-18.70,,,,,,,,No,Within Tolerance,,05/20/2026,,,,,,,,,,,
N481HC,IHC Health Services,05/27/2026,9887.60,11665,72 0014,Engine 1,4693.60,4348.00,,,INSPECTION,,,,NO. 1 ENGINE - BORESCOPE HOT SECTION DURING FUEL NOZZLE CHECK,,,,,,,,12/16/2025,4274.90,,3906.00,,,,400.00,,,,,,40.00,,,,,,4674.90,,,,,,,,,,,,-18.70,,,,,,,,No,Within Tolerance,,05/20/2026,,,,,,,,,,,
N481HC,IHC Health Services,05/27/2026,9887.60,11665,72 0014,Engine 2,4817.00,6012.00,,,INSPECTION,,,,NO. 2 ENGINE - BORESCOPE HOT SECTION DURING FUEL NOZZLE CHECK.,,,,,,,,12/16/2025,4398.30,,5570.00,,,,400.00,,,,,,40.00,,,,,,4798.30,,,,,,,,,,,,-18.70,,,,,,,,No,Within Tolerance,,05/20/2026,,,,,,,,,,,
N481HC,IHC Health Services,05/27/2026,9887.60,11665,73 0005,Engine 1,4693.60,4348.00,,,INSPECTION,,RII,,(RII)            ENGINE DRIVEN FUEL PUMP SCREEN INSPECTION,,,,,,,(40 Hour Window] [CUSTOM FREQUENCY] ,12/22/2025,4274.90,,3906.00,,,,400.00,,,,,,40.00,,,,,,4674.90,,,,,,,,,,,,-18.70,,,,,,,,No,Within Tolerance,,05/20/2026,,,,,,,,,,RII,
N481HC,IHC Health Services,05/27/2026,9887.60,11665,73 0005,Engine 2,4817.00,6012.00,,,INSPECTION,,RII,,(RII)            ENGINE DRIVEN FUEL PUMP SCREEN INSPECTION,,,,,,,(40 Hour Window] [CUSTOM FREQUENCY] ,12/16/2025,4398.30,,5570.00,,,,400.00,,,,,,40.00,,,,,,4798.30,,,,,,,,,,,,-18.70,,,,,,,,No,Within Tolerance,,05/20/2026,,,,,,,,,,RII,
N481HC,IHC Health Services,05/27/2026,9887.60,11665,73 1011,Engine 1,4693.60,4348.00,,,INSPECTION,,RII,,(RII)            NO. 1 ENGINE - ENGINE FUEL NOZZLE FUNCTIONAL TEST,,,,,,,,12/17/2025,4274.90,,3906.00,,,,400.00,,,,,,40.00,,,,,,4674.90,,,,,,,,,,,,-18.70,,,,,,,,No,Within Tolerance,,05/20/2026,,,,,,,,,,RII,
N481HC,IHC Health Services,05/27/2026,9887.60,11665,73 1011,Engine 2,4817.00,6012.00,,,INSPECTION,,RII,,(RII)            NO. 2 ENGINE - ENGINE FUEL NOZZLE FUNCTIONAL TEST.,,,,,,,,12/16/2025,4398.30,,5570.00,,,,400.00,,,,,,40.00,,,,,,4798.30,,,,,,,,,,,,-18.70,,,,,,,,No,Within Tolerance,,05/20/2026,,,,,,,,,,RII,
N481HC,IHC Health Services,05/27/2026,9887.60,11665,74 0015,Engine 1,4693.60,4348.00,,,INSPECTION,,RII,,(RII)            EXAMINE THE SPARK IGNITERS FOR CLEANLINESS AND EROSION. DO A FUNCTIONAL CHECK,74-20-00,,,,,,,12/15/2025,4274.90,,3906.00,,,,400.00,,,,0,0,40.00,0,0.00,0.00,,,4674.90,,,,,,,,,,,,-18.70,,,,,,,,No,Within Tolerance,,05/20/2026,,,,,,,,,,RII,
N481HC,IHC Health Services,05/27/2026,9887.60,11665,74 0015,Engine 2,4817.00,6012.00,,,INSPECTION,,RII,,(RII)            EXAMINE THE SPARK IGNITERS FOR CLEANLINESS AND EROSION. DO A FUNCTIONAL CHECK,74-20-00,,,,,,,01/13/2026,4398.30,,5570.00,,,,400.00,,,,0,0,40.00,0,0.00,0.00,,,4798.30,,,,,,,,,,,,-18.70,,,,,,,,No,Within Tolerance,,05/20/2026,,,,,,,,,,RII,
N481HC,IHC Health Services,05/27/2026,9887.60,11665,74 1000,Engine 1,4693.60,4348.00,,,INSPECTION,,,,EXAMINE THE IGNITION EXCITER FOR THE CORRECT INSTALLATION AND CONDITION,74-10-00,,,,,,,12/17/2025,4274.90,,3906.00,,,,400.00,,,,0,0,40.00,0,0.00,0.00,,,4674.90,,,,,,,,,,,,-18.70,,,,,,,,No,Within Tolerance,,05/20/2026,,,,,,,,,,,
N481HC,IHC Health Services,05/27/2026,9887.60,11665,74 1000,Engine 2,4817.00,6012.00,,,INSPECTION,,,,EXAMINE THE IGNITION EXCITER FOR THE CORRECT INSTALLATION AND CONDITION,74-10-00,,,,,,,01/13/2026,4398.30,,5570.00,,,,400.00,,,,0,0,40.00,0,0.00,0.00,,,4798.30,,,,,,,,,,,,-18.70,,,,,,,,No,Within Tolerance,,05/20/2026,,,,,,,,,,,
N481HC,IHC Health Services,05/27/2026,9887.60,11665,74 2000,Engine 1,4693.60,4348.00,,,INSPECTION,,,,"EXAMINE THE IGNITION CABLES FOR CHAFING, WEAR AND CORRECT INSTALLATION",74-20-00,,,,,,,12/17/2025,4274.90,,3906.00,,,,400.00,,,,0,0,40.00,0,0.00,0.00,,,4674.90,,,,,,,,,,,,-18.70,,,,,,,,No,Within Tolerance,,05/20/2026,,,,,,,,,,,
N481HC,IHC Health Services,05/27/2026,9887.60,11665,74 2000,Engine 2,4817.00,6012.00,,,INSPECTION,,,,"EXAMINE THE IGNITION CABLES FOR CHAFING, WEAR AND CORRECT INSTALLATION",74-20-00,,,,,,,01/13/2026,4398.30,,5570.00,,,,400.00,,,,0,0,40.00,0,0.00,0.00,,,4798.30,,,,,,,,,,,,-18.70,,,,,,,,No,Within Tolerance,,05/20/2026,,,,,,,,,,,
N481HC,IHC Health Services,05/27/2026,9887.60,11665,35 0100,Airframe,9887.60,,11665,,INSPECTION,,,,"TEST ALL MASKS FOR OXYGEN FLOW (REF. CHAPTER 35-00-15, 501; 35-00-17, 501; 35-00-19, 501.)",,,,,,,,05/20/2025,9104.10,10796,,,0,12,,0,0.00,0.00,0,12,,0,0.00,0.00,05/20/2026,,,,,,,,,,-7,,0,,,,,,,,,,No,Within Tolerance,,05/20/2026,,,,,,,,,,,
N481HC,IHC Health Services,05/27/2026,9887.60,11665,25 0025,Airframe,9887.60,,11665,,INSPECTION,,,,"CREW MASKS - INSPECT FOR CONDITION, CLEANLINESS, AND OPERATION. CHECK HOSES FOR CONDITION AND LEAKS","35-10-00, 601; 35-10-01, 601",,,,,,,05/21/2025,9104.10,10796,,,0,12,,0,0.00,0.00,0,12,,0,0.00,0.00,05/21/2026,,,,,,,,,,-6,,0,,,,,,,,,,No,Within Tolerance,,05/21/2026,,,,,,,,,,,
N481HC,IHC Health Services,05/27/2026,9887.60,11665,12 2000,Airframe,9887.60,,11665,,INSPECTION,,,,COMPLY WITH 200 HR LUBE ITEMS,,,,,,,[20 HOUR WINDOW],03/11/2026,9679.70,11445,,,0,0,200.00,0,0.00,0.00,,,20.00,,,,,,9879.70,,,,,,,,,,,,-7.90,,,,,,,,No,Within Tolerance,,05/24/2026,,,,,,,,,,,
N481HC,IHC Health Services,05/27/2026,9887.60,11665,25 0001,Airframe,9887.60,,11665,,INSPECTION,,INSPECT,,SIDE-FACING DIVAN AND DRAWERS INSPECTION,,,,,,,[20 HOUR WINDOW],03/10/2026,9679.70,11445,,,0,0,200.00,0,0.00,0.00,,,20.00,,,,,,9879.70,,,,,,,,,,,,-7.90,,,,,,,,No,Within Tolerance,,05/24/2026,,,,,,,,,,ICA,
N481HC,IHC Health Services,05/27/2026,9887.60,11665,53 2005,Airframe,9887.60,,11665,,INSPECTION,,INSPECT,,RAISBECK DUAL AFT BODY STRAKES INSPECTION,,,,,,,[20 HOUR WINDOW],03/09/2026,9679.70,11445,,,0,0,200.00,0,0.00,0.00,,,20.00,,,,,,9879.70,,,,,,,,,,,,-7.90,,,,,,,,No,Within Tolerance,,05/24/2026,,,,,,,,,,ICA,
N481HC,IHC Health Services,05/27/2026,9887.60,11665,57 2005.1,Airframe,9887.60,,11665,,INSPECTION,,INSPECT,,LEFT RAISBECK WING LOCKER INSPECTION,,,,,,,[20 HOUR WINDOW],03/09/2026,9679.70,11445,,,0,0,200.00,0,0.00,0.00,,,20.00,,,,,,9879.70,,,,,,,,,,,,-7.90,,,,,,,,No,Within Tolerance,,05/24/2026,,,,,,,,,,ICA,
N481HC,IHC Health Services,05/27/2026,9887.60,11665,57 2005.2,Airframe,9887.60,,11665,,INSPECTION,,INSPECT,,RIGHT RAISBECK WING LOCKER INSPECTION,,,,,,,[20 HOUR WINDOW],03/09/2026,9679.70,11445,,,0,0,200.00,0,0.00,0.00,,,20.00,,,,,,9879.70,,,,,,,,,,,,-7.90,,,,,,,,No,Within Tolerance,,05/24/2026,,,,,,,,,,ICA,
N481HC,IHC Health Services,05/27/2026,9887.60,11665,57 9090,Airframe,9887.60,,11665,,INSPECTION,,INSPECT,,BOUNDARY LAYER RESEARCH WINGLETS & GUNNEY FLAP INSPECTION,,,,,,,[20 HOUR WINDOW],03/09/2026,9679.70,11445,,,0,0,200.00,0,0.00,0.00,,,20.00,,,,,,9879.70,,,,,,,,,,,,-7.90,,,,,,,,No,Within Tolerance,,05/24/2026,,,,,,,,,,,
N481HC,IHC Health Services,05/27/2026,9887.60,11665,71 0009,Airframe,9887.60,,11665,,INSPECTION,,,,LH RAISBECK RAM AIR RECOVERY SYSTEM PERIODIC INSPECTION,,,,,,,,03/09/2026,9679.70,11445,,,0,0,200.00,0,0.00,0.00,0,0,20.00,0,0.00,0.00,,,9879.70,,,,,,,,,,,,-7.90,,,,,,,,No,Within Tolerance,,05/24/2026,,,,,,,,,,ICA,
N481HC,IHC Health Services,05/27/2026,9887.60,11665,71 0009,Airframe,9887.60,,11665,,INSPECTION,,,,RH RAISBECK RAM AIR RECOVERY SYSTEM PERIODIC INSPECTION,,,,,,,,03/09/2026,9679.70,11445,,,0,0,200.00,0,,,0,0,20.00,0,,,,,9879.70,,,,,,,,,,,,-7.90,,,,,,,,No,Within Tolerance,,05/24/2026,,,,,,,,,,ICA,
N481HC,IHC Health Services,05/27/2026,9887.60,11665,72 0011,Engine 1,4693.60,4348.00,,,INSPECTION,,RECURRING,,NO. 1 ENGINE - COMPLY WITH APPLICABLE PORTIONS P&W PERIODIC INSP GUIDE,"Revision: 74.0 (Jan 6, 2025)",,,,,,,03/11/2026,4485.70,,4128.00,,,,200.00,,,,,,20.00,,,,,,4685.70,,,,,,,,,,,,-7.90,,,,,,,,No,Within Tolerance,,05/24/2026,,,,,,,,,,,
N481HC,IHC Health Services,05/27/2026,9887.60,11665,72 0011,Engine 2,4817.00,6012.00,,,INSPECTION,,RECURRING,,NO. 2 ENGINE - COMPLY WITH APPLICABLE PORTIONS P&W PERIODIC INSP GUIDE.,"Revision: 74.0 (Jan 6, 2025)",,,,,,,03/11/2026,4609.10,,5792.00,,,,200.00,,,,,,20.00,,,,,,4809.10,,,,,,,,,,,,-7.90,,,,,,,,No,Within Tolerance,,05/24/2026,,,,,,,,,,,
N481HC,IHC Health Services,05/27/2026,9887.60,11665,72 0013,Engine 1,4693.60,4348.00,,,INSPECTION,,,,NO. 1 ENGINE - ENGINE PERFORMANCE RECOVERY WASH,,,,,,,,03/11/2026,4485.70,,4128.00,,,,200.00,,,,,,20.00,,,,,,4685.70,,,,,,,,,,,,-7.90,,,,,,,,No,Within Tolerance,,05/24/2026,,,,,,,,,,,
N481HC,IHC Health Services,05/27/2026,9887.60,11665,72 0013,Engine 2,4817.00,6012.00,,,INSPECTION,,,,NO. 2 ENGINE - ENGINE PERFORMANCE RECOVERY WASH.,,,,,,,,03/11/2026,4609.10,,5792.00,,,,200.00,,,,,,20.00,,,,,,4809.10,,,,,,,,,,,,-7.90,,,,,,,,No,Within Tolerance,,05/24/2026,,,,,,,,,,,
N90HG,CLASSIC AIR MEDICAL,05/26/2026,4206.70,4808,05 -25-03,Airframe,4206.70,0.00,4808,0.00,INSPECTION,,Routine Inspections,,ACCOMPLISH PHASE 3 INSPECTION,,,,2026-90HG-030,"Wednesday, April 8, 2026",,,06/12/2024,3403.20,3722,,,,24,800.00,,,,,,20.00,,,,06/30/2026,,4203.20,,,,,,,,3,,1,,-3.50,,,,,,,,No,Within Tolerance,,05/25/2026,,,,,,,,,,,
N481HC,IHC Health Services,05/27/2026,9887.60,11665,72 0100,Airframe,9887.60,,11665,,INSPECTION,,CONDITION CHECK,,CAMPS POWER ASSURANCE CHECK FORM,RFM,,,,,,,04/28/2026,9817.70,11587,,,30,0,,0,0.00,0.00,0,0,,0,0.00,0.00,05/28/2026,,,,,,,,,,1,,0,,,,,,,,,,No,Coming Due,,05/28/2026,,,,,,,,,,PILOT GOM,
N90HG,CLASSIC AIR MEDICAL,05/26/2026,4206.70,4808,00 0624 STC,Airframe,4206.70,0.00,4808,0.00,INSPECTION,,INFORMATIONAL,,FW RECORDS - LIFEPORT UNIT - STC SA00273WI - CHECK FOR LATEST REVISION ICA EGR-677-12,,,,,,,https://lifeport.com/pages/document-library,03/30/2026,4190.20,4788,,,60,0,,0,0.00,0.00,0,7,,0,0.00,0.00,05/29/2026,,,,,,,,,,2,,0,,,,,,,,,,No,Coming Due,,05/29/2026,,,,,,,,,,CUSTOM TASKS; ICA,
N904KS,CLASSIC AIR MEDICAL,05/21/2026,3319.50,4054,00 0624 STC,Airframe,3319.50,0.00,4054,0.00,INSPECTION,,INFORMATIONAL,,FW RECORDS - LIFEPORT UNIT - STC SA00273WI - CHECK FOR LATEST REVISION ICA EGR-677-12,,,,,,,https://lifeport.com/pages/document-library,03/30/2026,3319.50,4054,,,60,0,,0,0.00,0.00,0,7,,0,0.00,0.00,05/29/2026,,,,,,,,,,2,,0,,,,,,,,,,No,Coming Due,,05/29/2026,,,,,,,,,,CUSTOM TASKS; ICA,
N90HG,CLASSIC AIR MEDICAL,05/26/2026,4206.70,4808,01 ADOT,Airframe,4206.70,0.00,4808,0.00,INSPECTION,,EXP DATE REQUIRED,,ARIZONA AIRCRAFT REGISTRATION,,,,,,,,06/25/2025,3802.00,4265,,,0,12,,0,0.00,0.00,0,0,,0,0.00,0.00,05/31/2026,,,,,,,,,,4,,0,,,,,,,,,,No,Coming Due,,05/31/2026,,,,,,,,,,,
N904KS,CLASSIC AIR MEDICAL,05/21/2026,3319.50,4054,01 ADOT,Airframe,3319.50,0.00,4054,0.00,INSPECTION,,EXP DATE REQUIRED,,ARIZONA AIRCRAFT REGISTRATION,,,,,,,,06/09/2025,2964.30,3579,,,0,12,,0,0.00,0.00,0,0,,0,0.00,0.00,05/31/2026,,,,,,,,,,4,,0,,,,,,,,,,No,Coming Due,,05/31/2026,,,,,,,,,,,
N381HC,IHC Health Services,05/27/2026,10330.70,12166,25 0025,Airframe,10330.70,,12166,,INSPECTION,,,,"CREW MASKS - INSPECT FOR CONDITION, CLEANLINESS, AND OPERATION. CHECK HOSES FOR CONDITION AND LEAKS","35-10-00, 601; 35-10-01, 601",,,,,,,05/06/2025,9568.10,11285,,,0,12,,0,0.00,0.00,0,12,,0,0.00,0.00,05/31/2026,,,,,,,,,,4,,0,,,,,,,,,,No,Coming Due,,05/31/2026,,,,,,,,,,,
N90HG,CLASSIC AIR MEDICAL,05/26/2026,4206.70,4808,25 HILLAERO,Airframe,4206.70,0.00,4808,0.00,INSPECTION,,ICA,,INSPECTION OF HILLAERO ADAPTER AND HAMILTON MOUNTING PLATE,,,,,,,Document: HMC-KA90-CAB-HAM2B-INST-ICA,05/29/2025,3788.50,4252,,,0,12,,0,0.00,0.00,0,0,,0,0.00,0.00,05/31/2026,,,,,,,,,,4,,0,,,,,,,,,,No,Coming Due,,05/31/2026,,,,,,,,,,ICA,
N90HG,CLASSIC AIR MEDICAL,05/26/2026,4206.70,4808,25 HILLAERO,Airframe,4206.70,0.00,4808,0.00,INSPECTION,,ICA,,VISUAL INSPECTION OF KING AIR 90 AFT DIVIDER WITH NET FOR CONDITION AND DETERIORATION,,,,,,,"IAW Hillaero HMC-KA90-6200-1-ICA Rev IR dated June 2, 2020 or later, FAA-Approved Revision at 12 month intervals",05/29/2025,3788.50,4252,,,0,12,,0,0.00,0.00,0,0,,0,0.00,0.00,05/31/2026,,,,,,,,,,4,,0,,,,,,,,,,No,Coming Due,,05/31/2026,,,,,,,,,,ICA,
N481HC,IHC Health Services,05/27/2026,9887.60,11665,26 22-00-2100,Airframe,9887.60,,11665,,INSPECTION,,,,CABIN PORTABLE FIRE EXTINGUISHER - MONTHLY INSPECTION,,,,,,,"Completed Monthly Fire Extinguisher Inspection IAW IHC GMM Chapter 5 Section 4.0  Pages 75.40.2, Form QA-0145 & NFPA 10. No Discrepancies Noted at this time.",04/29/2026,9819.60,11591,,,0,1,,0,0.00,0.00,,,,,,,05/31/2026,,,,,,,,,,4,,0,,,,,,,,,,No,Coming Due,,05/31/2026,,,,,,,,,,,
N381HC,IHC Health Services,05/27/2026,10330.70,12166,26 22-00-2100,Airframe,10330.70,,12166,,INSPECTION,,,,CABIN PORTABLE FIRE EXTINGUISHER - MONTHLY INSPECTION,,,,,,,"Completed Monthly Fire Extinguisher Inspection IAW IHC GMM Chapter 5 Section 4.0  Pages 75.40.2, Form QA-0145 & NFPA 10. No Discrepancies Noted at this time.",04/28/2026,10248.90,12083,,,0,1,,0,0.00,0.00,,,,,,,05/31/2026,,,,,,,,,,4,,0,,,,,,,,,,No,Coming Due,,05/31/2026,,,,,,,,,,,
N481HC,IHC Health Services,05/27/2026,9887.60,11665,26 22-00-2101,Airframe,9887.60,,11665,,INSPECTION,,,,COCKPIT PORTABLE FIRE EXTINGUISHER - MONTHLY INSPECTION,,,,,,,"Completed Monthly Fire Extinguisher Inspection IAW IHC GMM Chapter 5 Section 4.0  Pages 75.40.2, Form QA-0145 & NFPA 10. No Discrepancies Noted at this time.",04/29/2026,9819.60,11591,,,0,1,,0,0.00,0.00,,,,,,,05/31/2026,,,,,,,,,,4,,0,,,,,,,,,,No,Coming Due,,05/31/2026,,,,,,,,,,,
N381HC,IHC Health Services,05/27/2026,10330.70,12166,26 22-00-2101,Airframe,10330.70,,12166,,INSPECTION,,,,COCKPIT PORTABLE FIRE EXTINGUISHER - MONTHLY INSPECTION,,,,,,,"Completed Monthly Fire Extinguisher Inspection IAW IHC GMM Chapter 5 Section 4.0  Pages 75.40.2, Form QA-0145 & NFPA 10. No Discrepancies Noted at this time.",04/28/2026,10248.90,12083,,,0,1,,0,0.00,0.00,,,,,,,05/31/2026,,,,,,,,,,4,,0,,,,,,,,,,No,Coming Due,,05/31/2026,,,,,,,,,,,
N481HC,IHC Health Services,05/27/2026,9887.60,11665,33 1010,Airframe,9887.60,,11665,,INSPECTION,,INSPECT,,"PILOT'S FUEL CONTROL AND LOWER PANEL, COPILOT'S CIRCUIT BREAKER PANEL AND OTHER WIRING CIRCUITRY BELOW THE STORM WINDOWS INSPECTION",,,,,,,[12 DAY WINDOW],05/18/2025,9104.10,10796,,,0,12,,0,0.00,0.00,,12,,,,,05/31/2026,,,,,,,,,,4,,0,,,,,,,,,,No,Coming Due,,05/31/2026,,,,,,,,,,,
N781HC,IHC Health Services,05/27/2026,5181.70,6462,34 GOM,Airframe,5181.70,,6462,,INSPECTION,,FAR 91.171,,VOR  30 DAY CHECK,,,,,,,,05/01/2026,5145.00,6410,,,30,0,,0,0.00,0.00,0,0,,0,0.00,0.00,05/31/2026,,,,,,,,,,4,,0,,,,,,,,,,No,Coming Due,,05/31/2026,,,,,,,,,,Pilot Task; PILOT GOM,
N381HC,IHC Health Services,05/27/2026,10330.70,12166,35 0100,Airframe,10330.70,,12166,,INSPECTION,,,,"TEST ALL MASKS FOR OXYGEN FLOW (REF. CHAPTER 35-00-15, 501; 35-00-17, 501; 35-00-19, 501.) (SPECIAL INSPECTION)",,,,,,,,05/06/2025,9568.10,11285,,,0,12,,0,0.00,0.00,0,12,,0,0.00,0.00,05/31/2026,,,,,,,,,,4,,0,,,,,,,,,,No,Coming Due,,05/31/2026,,,,,,,,,,,
N481HC,IHC Health Services,05/27/2026,9887.60,11665,35 CH 5-7.6.1,Airframe,9887.60,,11665,,INSPECTION,,,,MONTHLY PORTABLE OXYGEN BOTTLE EXCHANGE WITH VENDOR SERVICED UNIT,GMM,,,,,,"Vendor Exchange Medical ""E"" Cylinder Hydro Date 03/2023 Expires 03/2028. No Discrepancies at this Time. All Work Completed IAW ILF GMM.",04/01/2026,9748.50,11517,,,0,1,,0,0.00,0.00,0,0,,0,0.00,0.00,05/31/2026,,,,,,,,,,4,,0,,,,,,,,,,No,Coming Due,,05/31/2026,,,,,,,,,,PILOT GOM,
N381HC,IHC Health Services,05/27/2026,10330.70,12166,35 CH 5-7.6.1,Airframe,10330.70,,12166,,INSPECTION,,,,MONTHLY PORTABLE OXYGEN BOTTLE EXCHANGE WITH VENDOR SERVICED UNIT,GMM,,,,,,"Medical  ""E"" Cylinder Hydro Date: __/____ Expirers __/____ No Discrepancies Noted at this Time. All Work Completed IAW ILF GMM.
Medical  ""E"" Cylinder Hydro Date: 10/2023 Expirers 10/2028 No Discrepancies Noted at this Time. All Work Completed IAW ILF GMM.",04/08/2026,10187.90,12009,,,0,1,,0,0.00,0.00,0,0,,0,0.00,0.00,05/31/2026,,,,,,,,,,4,,0,,,,,,,,,,No,Coming Due,,05/31/2026,,,,,,,,,,PILOT GOM,
N381HC,IHC Health Services,05/27/2026,10330.70,12166,72 0100,Airframe,10330.70,,12166,,INSPECTION,,CONDITION CHECK,,CAMPS POWER ASSURANCE CHECK FORM,RFM,,,,,,,05/01/2026,10261.00,12095,,,30,0,,0,0.00,0.00,0,0,,0,0.00,0.00,05/31/2026,,,,,,,,,,4,,0,,,,,,,,,,No,Coming Due,,05/31/2026,,,,,,,,,,PILOT GOM,
N381HC,IHC Health Services,05/27/2026,10330.70,12166,35 GMM CH 5-7.6,Airframe,10330.70,,12166,,INSPECTION,,,,INSTALLED PORTABLE OXYGEN BOTTLES  7 DAY VERIFICATION OF HYDROSTATIC DATE,,,,,,,"C/W IAW IHC GOM Pg 32.70.01, 2.0 Procedure.  Proper date verified.",05/26/2026,10325.40,12160,,,7,0,,0,0.00,0.00,0,1,,0,0.00,0.00,06/02/2026,,,,,,,,,,6,,0,,,,,,,,,,No,Coming Due,,06/02/2026,,,,,,,,,,PILOT GOM,
N481HC,IHC Health Services,05/27/2026,9887.60,11665,05 0030,Airframe,9887.60,,11665,,INSPECTION,,INSPECT,,PHASE 3 INSPECTION OPERATION PACKAGE,Rev 12.1 Feb 06 2023,,,,,,[20 HOUR WINDOW],05/28/2025,9104.10,10796,,,0,0,800.00,0,0.00,0.00,,,20.00,,,,,,9904.10,,,,,,,,,,,,16.50,,,,,,,,No,Coming Due,,06/03/2026,,,,,,,,,,Revision B200,
N481HC,IHC Health Services,05/27/2026,9887.60,11665,34 0020.1,Airframe,9887.60,,11665,,INSPECTION,,INSPECT,,ROCKWELL COLLINS EFIS 5000 ICA INSPECTION REQUIREMENT (PHASE 3),,,,,,,[20 HOUR WINDOW],05/20/2025,9104.10,10796,,,0,0,800.00,0,0.00,0.00,,,20.00,,,,,,9904.10,,,,,,,,,,,,16.50,,,,,,,,No,Coming Due,,06/03/2026,,,,,,,,,,ICA,
N481HC,IHC Health Services,05/27/2026,9887.60,11665,35 GMM CH 5-7.6,Airframe,9887.60,,11665,,INSPECTION,,,,INSTALLED PORTABLE OXYGEN BOTTLES  7 DAY VERIFICATION OF HYDROSTATIC DATE,GMM,,,,,,No Discrepancies Noted at this Time. All Work Completed IAW ILF GMM. Current date on bottle 02/2025.  Due 02/2030,05/27/2026,9887.60,11665,,,7,0,,0,0.00,0.00,0,1,,0,0.00,0.00,06/03/2026,,,,,,,,,,7,,0,,,,,,,,,,No,Coming Due,,06/03/2026,,,,,,,,,,PILOT GOM,
N781HC,IHC Health Services,05/27/2026,5181.70,6462,34,Airframe,5181.70,,6462,,INSPECTION,,,,AVIDYNE JEPPESEN CHARTS DATABASE UPDATE,,,,,,,Updated Avidyne Jeppesen Charts Database.  All Work Completed IAW Manufacture Instructions.,05/20/2026,5175.30,6451,,,0,0,,0,0.00,0.00,0,0,,0,0.00,0.00,06/04/2026,,,,,,,,,,8,,0,,,,,,,,,,No,Coming Due,,06/04/2026,,,,,,,,,,,
N381HC,IHC Health Services,05/27/2026,10330.70,12166,23 7005,Airframe,10330.70,,12166,,INSPECTION,,INSPECT,,OPERATIONALLY TEST THE UNDERWATER LOCATOR BEACON (ULB) (SPECIAL INSPECTION),"REF. 23-70-17, 501",,,,,,[24 DAY WINDOW],06/05/2024,9076.00,10723,,,0,24,,0,,,,24,,,,,06/05/2026,,,,,,,,,,9,,0,,,,,,,,,,No,Coming Due,,06/05/2026,,,,,,,,,,,
N481HC,IHC Health Services,05/27/2026,9887.60,11665,34 GOM,Airframe,9887.60,,11665,,INSPECTION,,FAR 91.171,,VOR  30 DAY CHECK,,,,,,,,05/06/2026,9840.90,11614,,,30,0,,0,0.00,0.00,0,0,,0,0.00,0.00,06/05/2026,,,,,,,,,,9,,0,,,,,,,,,,No,Coming Due,,06/05/2026,,,,,,,,,,PILOT GOM,
N381HC,IHC Health Services,05/27/2026,10330.70,12166,27 2709,Airframe,10330.70,,12166,,INSPECTION,,,,TRIM TAB FREE PLAY CHECKS - CHECK ELEVATOR TRIM TAB FREE PLAY (SPECIAL INSPECTION),,,,,,,,07/16/2024,9153.90,10808,,,0,0,1200.00,0,0.00,0.00,0,0,120.00,0,0.00,0.00,,,10353.90,,,,,,,,,,,,23.20,,,,,,,,No,Coming Due,,06/06/2026,,,,,,,,,,,
N381HC,IHC Health Services,05/27/2026,10330.70,12166,27 2710,Airframe,10330.70,,12166,,INSPECTION,,,,TRIM TAB FREE PLAY CHECKS - CHECK RUDDER TRIM TAB FREE PLAY (SPECIAL INSPECTION),,,,,,,,07/16/2024,9153.90,10808,,,0,0,1200.00,0,0.00,0.00,0,0,120.00,0,0.00,0.00,,,10353.90,,,,,,,,,,,,23.20,,,,,,,,No,Coming Due,,06/06/2026,,,,,,,,,,,
N381HC,IHC Health Services,05/27/2026,10330.70,12166,27 2711,Airframe,10330.70,,12166,,INSPECTION,,,,TRIM TAB FREE PLAY CHECKS - CHECK AILERON TRIM TAB FREE PLAY (SPECIAL INSPECTION),,,,,,,,07/17/2024,9153.90,10808,,,0,0,1200.00,0,0.00,0.00,0,0,120.00,0,0.00,0.00,,,10353.90,,,,,,,,,,,,23.20,,,,,,,,No,Coming Due,,06/06/2026,,,,,,,,,,,
N381HC,IHC Health Services,05/27/2026,10330.70,12166,76 0006,Airframe,10330.70,,12166,,INSPECTION,,INSPECT,,RH/LH PEDESTAL POWER LEVER STOP PIN INSPECTION (SPECIAL INSPECTION),"76-10-13, 601 OR 76-11-15, 601",,,,,,"[120 HOUR WINDOW]
MAXIMUM ALLOWABLE WEAR IS 1/3 OF PIN DIAMETER",07/17/2024,9153.90,10808,,,0,0,1200.00,0,0.00,0.00,,,120.00,,,,,,10353.90,,,,,,,,,,,,23.20,,,,,,,,No,Coming Due,,06/06/2026,,,,,,,,,,,
N381HC,IHC Health Services,05/27/2026,10330.70,12166,34 GOM,Airframe,10330.70,,12166,,INSPECTION,,FAR 91.171,,VOR  30 DAY CHECK,,,,,,,,05/07/2026,10277.00,12115,,,30,0,,0,0.00,0.00,0,0,,0,0.00,0.00,06/06/2026,,,,,,,,,,10,,0,,,,,,,,,,No,Coming Due,,06/06/2026,,,,,,,,,,PILOT GOM,
N381HC,IHC Health Services,05/27/2026,10330.70,12166,12 20 304.01,Airframe,10330.70,,12166,,INSPECTION,,,,"Aileron Quadrant - MIL-PRF-7870 (02-002, Table 301) (Supersedes MIL-L-7870) Oil",400 HR LUBE,,,,,,,10/28/2025,9964.80,11750,,,0,0,400.00,0,0.00,0.00,0,0,,0,0.00,0.00,,,10364.80,,,,,,,,,,,,34.10,,,,,,,,No,10+ Days,,06/10/2026,,,,,,,,,,,
N381HC,IHC Health Services,05/27/2026,10330.70,12166,12 2001,Airframe,10330.70,,12166,,INSPECTION,,LUB,,COMPLY WITH 400 HR LUBE ITEMS,,,,,,,[40 HOUR WINDOW]  [CUSTOM FREQUENCY],11/07/2025,9964.80,11750,,,0,0,400.00,0,0.00,0.00,,,40.00,,,,,,10364.80,,,,,,,,,,,,34.10,,,,,,,,No,10+ Days,,06/10/2026,,,,,,,,,,,
N381HC,IHC Health Services,05/27/2026,10330.70,12166,35 0001,Airframe,10330.70,,12166,,INSPECTION,,INSPECT,,PORTABLE COMP GAS CYLINDER MOUNT BRACKET INSPECTION,,,,,,,[40 HOUR WINDOW],11/06/2025,9964.80,11750,,,0,0,400.00,0,0.00,0.00,,,40.00,,,,,,10364.80,,,,,,,,,,,,34.10,,,,,,,,No,10+ Days,,06/10/2026,,,,,,,,,,,
N381HC,IHC Health Services,05/27/2026,10330.70,12166,61 0003,Propeller 2,4257.00,0.00,,,INSPECTION,,INSPECT,"PHASE 2, PHASE 4",HARTZELL PROPELLER DETAILED INSPECTION,,,,,,,Hartzell Propeller Owner's Manual 147 - Section 3A Periodic Inspection,11/07/2025,3891.10,,,,0,12,400.00,0,0.00,0.00,0,,40.00,,,,11/07/2026,,4291.10,,,,,,,,11,,5,,34.10,,,,,,,,No,10+ Days,,06/10/2026,,,,,,,,,,PHASE 2; PHASE 4,
N381HC,IHC Health Services,05/27/2026,10330.70,12166,61 0003,Propeller 1,4018.90,0.00,,,INSPECTION,,,"PHASE 2, PHASE 4",HARTZELL PROPELLER DETAILED INSPECTION,,,,,,,Hartzell Propeller Owner's Manual 147 - Section 3A Periodic Inspection,11/07/2025,3653.00,,,,0,12,400.00,,0.00,,,,40.00,,,,11/07/2026,,4053.00,,,,,,,,11,,5,,34.10,,,,,,,,No,10+ Days,,06/10/2026,,,,,,,,,,PHASE 2; PHASE 4,
N381HC,IHC Health Services,05/27/2026,10330.70,12166,72 0014,Engine 1,3085.50,3528.00,,,INSPECTION,,,,NO. 1 ENGINE - BORESCOPE HOT SECTION DURING FUEL NOZZLE CHECK,,,,,,,,11/04/2025,2719.60,,3112.00,,0,0,400.00,0,0.00,0.00,,,40.00,,,,,,3119.60,,,,,,,,,,,,34.10,,,,,,,,No,10+ Days,,06/10/2026,,,,,,,,,,,
N381HC,IHC Health Services,05/27/2026,10330.70,12166,72 0014,Engine 2,3085.50,3528.00,,,INSPECTION,,,,NO. 2 ENGINE - BORESCOPE HOT SECTION DURING FUEL NOZZLE CHECK,,,,,,,,11/04/2025,2719.60,,3112.00,,0,0,400.00,0,0.00,0.00,,,40.00,,,,,,3119.60,,,,,,,,,,,,34.10,,,,,,,,No,10+ Days,,06/10/2026,,,,,,,,,,,
N381HC,IHC Health Services,05/27/2026,10330.70,12166,73 0005,Engine 2,3085.50,3528.00,,,INSPECTION,,RII,,(RII)            ENGINE DRIVEN FUEL PUMP SCREEN INSPECTION,,,,,,,(40 Hour Window] [CUSTOM FREQUENCY] ,11/03/2025,2719.60,,3112.00,,0,0,400.00,0,0.00,0.00,,,40.00,,,,,,3119.60,,,,,,,,,,,,34.10,,,,,,,,No,10+ Days,,06/10/2026,,,,,,,,,,RII,
N381HC,IHC Health Services,05/27/2026,10330.70,12166,73 0005,Engine 1,3085.50,3528.00,,,INSPECTION,,RII,,(RII)            ENGINE DRIVEN FUEL PUMP SCREEN INSPECTION,,,,,,,(40 Hour Window] [CUSTOM FREQUENCY] ,11/04/2025,2719.60,,3112.00,,0,0,400.00,0,0.00,0.00,,,40.00,,,,,,3119.60,,,,,,,,,,,,34.10,,,,,,,,No,10+ Days,,06/10/2026,,,,,,,,,,RII,
N381HC,IHC Health Services,05/27/2026,10330.70,12166,73 0007,Engine 2,3085.50,3528.00,,,PART,None,RII,,(RII)            ENGINE DRIVEN FUEL PUMP OUTLET FILTER REPLACE,,3059779-01,7366171589,,,,(40 Hour Window] [CUSTOM FREQUENCY] ,11/03/2025,2719.60,,3112.00,,0,0,400.00,0,0.00,0.00,,,40.00,,,,,,3119.60,,,,,,,,,,,,34.10,,,,,,,,No,10+ Days,,06/10/2026,,,,,,,,,,RII,
N381HC,IHC Health Services,05/27/2026,10330.70,12166,73 0007,Engine 1,3085.50,3528.00,,,PART,None,RII,,(RII)            ENGINE DRIVEN FUEL PUMP OUTLET FILTER REPLACE,,3059779-01,7366171589,,,,(40 Hour Window] [CUSTOM FREQUENCY] ,11/04/2025,2719.60,,3112.00,,0,0,400.00,0,0.00,0.00,,,40.00,,,,,,3119.60,,,,,,,,,,,,34.10,,,,,,,,No,10+ Days,,06/10/2026,,,,,,,,,,RII,
N381HC,IHC Health Services,05/27/2026,10330.70,12166,73 1011,Engine 1,3085.50,3528.00,,,INSPECTION,,RII,,(RII)            NO. 1 ENGINE -ENGINE FUEL NOZZLE FUNCTIONAL TEST,,,,,,,,11/04/2025,2719.60,,3112.00,,0,0,400.00,0,0.00,0.00,,,40.00,,,,,,3119.60,,,,,,,,,,,,34.10,,,,,,,,No,10+ Days,,06/10/2026,,,,,,,,,,RII,
N381HC,IHC Health Services,05/27/2026,10330.70,12166,73 1011,Engine 2,3085.50,3528.00,,,INSPECTION,,RII,,(RII)            NO. 2 ENGINE  - ENGINE FUEL NOZZLE FUNCTIONAL TEST,,,,,,,,10/31/2025,2719.60,,3112.00,,0,0,400.00,0,0.00,0.00,,,40.00,,,,,,3119.60,,,,,,,,,,,,34.10,,,,,,,,No,10+ Days,,06/10/2026,,,,,,,,,,RII,
N381HC,IHC Health Services,05/27/2026,10330.70,12166,74 0015,Engine 2,3085.50,3528.00,,,INSPECTION,,RII,,(RII)            EXAMINE THE SPARK IGNITERS FOR CLEANLINESS AND EROSION. DO A FUNCTIONAL CHECK,74-20-00,,,,,,,11/04/2025,2719.60,,3112.00,,0,0,400.00,0,0.00,0.00,0,0,40.00,0,0.00,0.00,,,3119.60,,,,,,,,,,,,34.10,,,,,,,,No,10+ Days,,06/10/2026,,,,,,,,,,RII,
N381HC,IHC Health Services,05/27/2026,10330.70,12166,74 0015,Engine 1,3085.50,3528.00,,,INSPECTION,,RII,,(RII)            EXAMINE THE SPARK IGNITERS FOR CLEANLINESS AND EROSION. DO A FUNCTIONAL CHECK,74-20-00,,,,,,,11/04/2025,2719.60,,3112.00,,0,0,400.00,0,0.00,0.00,0,0,40.00,0,0.00,0.00,,,3119.60,,,,,,,,,,,,34.10,,,,,,,,No,10+ Days,,06/10/2026,,,,,,,,,,RII,
N381HC,IHC Health Services,05/27/2026,10330.70,12166,74 1000,Engine 2,3085.50,3528.00,,,INSPECTION,,,,EXAMINE THE IGNITION EXCITER FOR THE CORRECT INSTALLATION AND CONDITION,74-10-00,,,,,,,11/03/2025,2719.60,,3112.00,,0,0,400.00,0,0.00,0.00,0,0,40.00,0,0.00,0.00,,,3119.60,,,,,,,,,,,,34.10,,,,,,,,No,10+ Days,,06/10/2026,,,,,,,,,,,
N381HC,IHC Health Services,05/27/2026,10330.70,12166,74 1000,Engine 1,3085.50,3528.00,,,INSPECTION,,,,EXAMINE THE IGNITION EXCITER FOR THE CORRECT INSTALLATION AND CONDITION,74-10-00,,,,,,,11/04/2025,2719.60,,3112.00,,0,0,400.00,0,0.00,0.00,0,0,40.00,0,0.00,0.00,,,3119.60,,,,,,,,,,,,34.10,,,,,,,,No,10+ Days,,06/10/2026,,,,,,,,,,,
N381HC,IHC Health Services,05/27/2026,10330.70,12166,74 2000,Engine 2,3085.50,3528.00,,,INSPECTION,,,,"EXAMINE THE IGNITION CABLES FOR CHAFING, WEAR AND CORRECT INSTALLATION",74-20-00,,,,,,,11/03/2025,2719.60,,3112.00,,0,0,400.00,0,0.00,0.00,0,0,40.00,0,0.00,0.00,,,3119.60,,,,,,,,,,,,34.10,,,,,,,,No,10+ Days,,06/10/2026,,,,,,,,,,,
N381HC,IHC Health Services,05/27/2026,10330.70,12166,74 2000,Engine 1,3085.50,3528.00,,,INSPECTION,,,,"EXAMINE THE IGNITION CABLES FOR CHAFING, WEAR AND CORRECT INSTALLATION",74-20-00,,,,,,,11/04/2025,2719.60,,3112.00,,0,0,400.00,0,0.00,0.00,0,0,40.00,0,0.00,0.00,,,3119.60,,,,,,,,,,,,34.10,,,,,,,,No,10+ Days,,06/10/2026,,,,,,,,,,,
N481HC,IHC Health Services,05/27/2026,9887.60,11665,34 1000,Airframe,9887.60,,11665,,INSPECTION,,,,JEPPVIEW DATA DISK UPDATE,,,,,,,Updated JeppView Database. All Work Completed IAW Manufactures Instructions.,05/20/2026,9872.70,11646,,,0,0,,0,0.00,0.00,,,,,,,06/10/2026,,,,,,,,,,14,,0,,,,,,,,,,No,10+ Days,,06/10/2026,,,,,,,,,,,
N381HC,IHC Health Services,05/27/2026,10330.70,12166,34 1000,Airframe,10330.70,,12166,,INSPECTION,,,,JEPPVIEW DATA DISK UPDATE,,,,,,,Updated Jepp View Database. All Work Completed IAW Manufactures Instructions.,05/26/2026,10325.40,12160,,,0,0,,0,0.00,0.00,,,,,,,06/10/2026,,,,,,,,,,14,,0,,,,,,,,,,No,10+ Days,,06/10/2026,,,,,,,,,,,
N481HC,IHC Health Services,05/27/2026,9887.60,11665,34 1001,Airframe,9887.60,,11665,,INSPECTION,,,,PROLINE 21 J7 AMERICA AND E-MAPS DATABASE UPDATE,,,,,,,Updated Rockwell Collins J7 & E-Maps Database. All Work Completed IAW Manufactures Instructions.,05/06/2026,9838.00,11611,,,0,0,,0,0.00,0.00,,,,,,,06/10/2026,,,,,,,,,,14,,0,,,,,,,,,,No,10+ Days,,06/10/2026,,,,,,,,,,,
N381HC,IHC Health Services,05/27/2026,10330.70,12166,34 1001,Airframe,10330.70,,12166,,INSPECTION,,,,PROLINE 21 J7 AMERICA AND E-MAPS DATABASE UPDATE,,,,,,,Updated J7 and Emaps Database. All Work Completed IAW Manufactures Instructions.,05/11/2026,10288.60,12127,,,0,0,,0,0.00,0.00,,,,,,,06/10/2026,,,,,,,,,,14,,0,,,,,,,,,,No,10+ Days,,06/10/2026,,,,,,,,,,,
N381HC,IHC Health Services,05/27/2026,10330.70,12166,05 0020,Airframe,10330.70,,12166,,INSPECTION,,INSPECT,,PHASE 2 INSPECTION OPERATION PACKAGE,Rev 12.1 Feb 06 2023,,,,,,,05/08/2025,9568.10,11285,,,0,0,800.00,0,0.00,0.00,,,20.00,,,,,,10368.10,,,,,,,,,,,,37.40,,,,,,,,No,10+ Days,,06/11/2026,,,,,,,,,,Revision B200,
N381HC,IHC Health Services,05/27/2026,10330.70,12166,12 20 302.10 MAIN LDG GEAR,Airframe,10330.70,,12166,,INSPECTION,,LUB,800 HR LUBE,"Downlock Hooks and Pin Contact areas
  Lubribond A or an air-drying solid film lubricant per MIL-PRF-23398 (02-013, Table 301)",800 HR LUBE,,,,,,,05/06/2025,9568.10,11285,,,0,24,800.00,0,,,,,20.00,,,,05/06/2027,,10368.10,,,,,,,,9,,11,,37.40,,,,,,,,No,10+ Days,,06/11/2026,,,,,,,,,,800 HR LUBE,
N381HC,IHC Health Services,05/27/2026,10330.70,12166,12 2003,Airframe,10330.70,,12166,,INSPECTION,,LUB,,COMPLY WITH 800 HR LUBE ITEMS,,,,,,,[80 HOUR WINDOW]  [CUSTOM FREQUENCY],05/07/2025,9568.10,11285,,,0,0,800.00,0,0.00,0.00,,,80.00,,,,,,10368.10,,,,,,,,,,,,37.40,,,,,,,,No,10+ Days,,06/11/2026,,,,,,,,,,,
N781HC,IHC Health Services,05/27/2026,5181.70,6462,34,Airframe,5181.70,,6462,,INSPECTION,,,,AVIDYNE NAV DATA/OBSTACLES DATABASE UPDATE,,,,,,,Updated Avidyne / Jeppesen Nav-Data and Obstacle Database. All Work Completed IAW Manufacture Instructions.,05/05/2026,5155.50,6423,,,0,0,,0,0.00,0.00,0,0,,0,0.00,0.00,06/11/2026,,,,,,,,,,15,,0,,,,,,,,,,No,10+ Days,,06/11/2026,,,,,,,,,,,
N781HC,IHC Health Services,05/27/2026,5181.70,6462,34,Airframe,5181.70,,6462,,INSPECTION,,,,ROCKWELL COLLINS J5 NAVDATA UPDATE,,,,,,,Updated Rockwell Collins Nav Database.  All Work Completed IAW Manufacture Instructions.,05/05/2026,5155.50,6423,,,0,0,,0,0.00,0.00,0,0,,0,0.00,0.00,06/11/2026,,,,,,,,,,15,,0,,,,,,,,,,No,10+ Days,,06/11/2026,,,,,,,,,,,
N381HC,IHC Health Services,05/27/2026,10330.70,12166,72 601.3A(9),Engine 2,3085.50,3528.00,,,INSPECTION,,RECURRING,,Oil System - Check AGB internal scavenge oil pump inlet screen (Ref. Chapter 72-60-00 Cleaning/Inspection). Collect drained oil. Use a mirror and a flashlight to inspect the scavenge oil pump inlet screen. Any foreign material found blocking the screen or contained in the oil should be identified before further operation (Ref. Unscheduled Inspection).,"Revision: 71.0 (May 13, 2024)",,,,,,Engine AGB internal scavenge oil pump inlet screen due 1000 hours for engines NOT operating in high relative humidity/tropical environment.,01/13/2025,2124.60,,2423.00,,0,0,1000.00,,0.00,,,,20.00,,,,,,3124.60,,,,,,,,,,,,39.10,,,,,,,,No,10+ Days,,06/12/2026,,,,,,,,,,REVISION PT6A-42,
N381HC,IHC Health Services,05/27/2026,10330.70,12166,72 601.3A(9),Engine 1,3085.50,3528.00,,,INSPECTION,,RECURRING,,Oil System - Check AGB internal scavenge oil pump inlet screen (Ref. Chapter 72-60-00 Cleaning/Inspection). Collect drained oil. Use a mirror and a flashlight to inspect the scavenge oil pump inlet screen. Any foreign material found blocking the screen or contained in the oil should be identified before further operation (Ref. Unscheduled Inspection).,"Revision: 71.0 (May 13, 2024)",,,,,,Engine AGB internal scavenge oil pump inlet screen due 1000 hours for engines NOT operating in high relative humidity/tropical environment.,01/14/2025,2124.60,,2423.00,,0,0,1000.00,,0.00,,,,20.00,,,,,,3124.60,,,,,,,,,,,,39.10,,,,,,,,No,10+ Days,,06/12/2026,,,,,,,,,,REVISION PT6A-42,
N904KS,CLASSIC AIR MEDICAL,05/21/2026,3319.50,4054,26 2102,Airframe,3319.50,0.00,4054,0.00,INSPECTION,,,CABIN FIREX,30 DAY CABIN FIRE EXTINGUISHER INSPECTION,,B385,X-137203,2026-904KS-015,"Friday, March 6, 2026",,,05/13/2026,3319.50,4054,,,30,0,,0,0.00,0.00,0,0,,0,0.00,0.00,06/12/2026,,,,,,,,,,16,,0,,,,,,,,,,No,10+ Days,,06/12/2026,,,,,,,,,,,
N904KS,CLASSIC AIR MEDICAL,05/21/2026,3319.50,4054,26 2102,Airframe,3319.50,0.00,4054,0.00,INSPECTION,,,FL C FIREX,30 DAY COCKPIT FIRE EXTINGUISHER INSPECTION,,B385,X-137206,2026-904KS-015,"Friday, March 6, 2026",,,05/13/2026,3319.50,4054,,,30,0,,0,0.00,0.00,0,0,,0,0.00,0.00,06/12/2026,,,,,,,,,,16,,0,,,,,,,,,,No,10+ Days,,06/12/2026,,,,,,,,,,,
N904KS,CLASSIC AIR MEDICAL,05/21/2026,3319.50,4054,24 30-03,Airframe,3319.50,0.00,4054,0.00,PART,Overhaul,,,NO. 2 ENGINE STARTER GENERATOR,,23048-016,6698,,,,"REPLACE OR OVERHAUL EVERY 1,000 HOURS",03/31/2023,2504.30,2925,,,,,1000.00,,,,,,,,,,,,3346.90,,,,,,,,,,,,27.40,,,,,,,,No,10+ Days,,06/15/2026,,,,,157.40,,,,,,
N481HC,IHC Health Services,05/27/2026,9887.60,11665,24 9008,Airframe,9887.60,,11665,,PART,None,,,CONCORDE BATTERY CAPACITY CHECK,,RG380E/44,41414530,,,,Per the Concorde Maintenance Manual (CMM) Batteries Used to Start Main Turbine Engines Operated Less than 1000 Hours Per Year Initial Capacitance Check at 1 Year +/-  1 Month after Initial Installation. RMBeerly 05/16/2026,05/15/2025,9104.10,10796,,,0,6,,0,0.00,0.00,1,,,,,,06/15/2026,,,,,,,,,,19,,0,,,,,,,,,,No,10+ Days,,06/15/2026,0,,,0.00,,,0,,,,
N481HC,IHC Health Services,05/27/2026,9887.60,11665,53 0005,Airframe,9887.60,,11665,,INSPECTION,,,,AFT FUSELAGE AREA AND REAR PRESSURE BULKHEAD PRIORITY AREA INSPECTION,,,,,,,[10000 INITIAL CYC REQ.] [50 CYCLE WINDOW]  [CUSTOM FREQUENCY],12/22/2025,9468.90,11223,,,0,0,,500,0.00,0.00,,,,50,,,,,,,11723,,,,,,,,,,,,58,,,,,,No,10+ Days,,06/16/2026,,,,,,,,,,,
N481HC,IHC Health Services,05/27/2026,9887.60,11665,53 10-00-201,Airframe,9887.60,,11665,,INSPECTION,,,,"CABIN DOOR AND FUSELAGE FRAME (PRIORITY AREA INSPECTION) - INSPECT STRUCTURE AT ALL FOUR CORNERS OF THE DOOR FRAME AND THE UPPER LATCH HOOK CATCHES (REF. 53-10-00, 201, FUSELAGE INSPECTION, STEP (8).",,,,,,,,12/22/2025,9468.90,11223,,,0,0,,500,,,,,,50,,,,,,,11723,,,,,,,,,,,,58,,,,,,No,10+ Days,,06/16/2026,,,,,,,,,,,
N381HC,IHC Health Services,05/27/2026,10330.70,12166,12 20 308.01,Airframe,10330.70,,12166,,INSPECTION,,,,"Linkage (all moving parts) - MIL-G-21164 Grease (03-003, Table 301)",200 HR Lube,,,,,,,03/12/2026,10184.20,12004,,,0,0,200.00,0,0.00,0.00,0,0,,0,0.00,0.00,,,10384.20,,,,,,,,,,,,53.50,,,,,,,,No,10+ Days,,06/18/2026,,,,,,,,,,,
N381HC,IHC Health Services,05/27/2026,10330.70,12166,12 2000,Airframe,10330.70,,12166,,INSPECTION,,LUB,,COMPLY WITH 200 HR LUBE ITEMS,,,,,,,[20 HOUR WINDOW],03/31/2026,10184.20,12004,,,0,0,200.00,0,0.00,0.00,,,20.00,,,,,,10384.20,,,,,,,,,,,,53.50,,,,,,,,No,10+ Days,,06/18/2026,,,,,,,,,,,
N381HC,IHC Health Services,05/27/2026,10330.70,12166,25 ICA0001,Airframe,10330.70,,12166,,INSPECTION,,INSPECT,,SIDE-FACING DIVAN AND DRAWERS INSPECTION IAW 337 dated 10/27/2008,,,,,,,[20 HOUR WINDOW],03/19/2026,10184.20,12004,,,0,0,200.00,0,0.00,0.00,,,20.00,,,,,,10384.20,,,,,,,,,,,,53.50,,,,,,,,No,10+ Days,,06/18/2026,,,,,,,,,,ICA,
N381HC,IHC Health Services,05/27/2026,10330.70,12166,53 ICA2005,Airframe,10330.70,,12166,,INSPECTION,,INSPECT,,RAISBECK DUAL AFT BODY STRAKES INSPECTION,,,,,,,[20 HOUR WINDOW],03/12/2026,10184.20,12004,,,0,0,200.00,0,0.00,0.00,,,20.00,,,,,,10384.20,,,,,,,,,,,,53.50,,,,,,,,No,10+ Days,,06/18/2026,,,,,,,,,,ICA,
N381HC,IHC Health Services,05/27/2026,10330.70,12166,57 2005.1,Airframe,10330.70,,12166,,INSPECTION,,INSPECT,,LEFT RAISBECK WING LOCKER INSPECTION,,,,,,,[20 HOUR WINDOW],03/12/2026,10184.20,12004,,,0,0,200.00,0,0.00,0.00,,,20.00,,,,,,10384.20,,,,,,,,,,,,53.50,,,,,,,,No,10+ Days,,06/18/2026,,,,,,,,,,ICA,
N381HC,IHC Health Services,05/27/2026,10330.70,12166,57 2005.2,Airframe,10330.70,,12166,,INSPECTION,,INSPECT,,RIGHT RAISBECK WING LOCKER INSPECTION,,,,,,,[20 HOUR WINDOW],03/12/2026,10184.20,12004,,,0,0,200.00,0,0.00,0.00,,,20.00,,,,,,10384.20,,,,,,,,,,,,53.50,,,,,,,,No,10+ Days,,06/18/2026,,,,,,,,,,ICA,
N381HC,IHC Health Services,05/27/2026,10330.70,12166,57 9090,Airframe,10330.70,,12166,,INSPECTION,,,,BOUNDARY LAYER RESEARCH WINGLETS & GUNNEY FLAP INSPECTION,,,,,,,[20 HOUR WINDOW],03/12/2026,10184.20,12004,,,0,0,200.00,0,0.00,0.00,,,20.00,,,,,,10384.20,,,,,,,,,,,,53.50,,,,,,,,No,10+ Days,,06/18/2026,,,,,,,,,,,
N381HC,IHC Health Services,05/27/2026,10330.70,12166,71 0009,Airframe,10330.70,,12166,,INSPECTION,,INSPECT,,LH RAISBECK RAM AIR RECOVERY SYSTEM PERIODIC INSPECTION,,,,,,,[20 HOUR WINDOW],03/12/2026,10184.20,12004,,,0,0,200.00,0,0.00,0.00,,,20.00,,,,,,10384.20,,,,,,,,,,,,53.50,,,,,,,,No,10+ Days,,06/18/2026,,,,,,,,,,ICA,
N381HC,IHC Health Services,05/27/2026,10330.70,12166,71 0010,Airframe,10330.70,,12166,,INSPECTION,,INSPECT,,RH RAISBECK RAM AIR RECOVERY SYSTEM PERIODIC INSPECTION,,,,,,,[20 HOUR WINDOW],03/12/2026,10184.20,12004,,,0,0,200.00,0,0.00,0.00,,,20.00,,,,,,10384.20,,,,,,,,,,,,53.50,,,,,,,,No,10+ Days,,06/18/2026,,,,,,,,,,ICA,
N381HC,IHC Health Services,05/27/2026,10330.70,12166,72 0011,Engine 1,3085.50,3528.00,,,INSPECTION,,RECURRING,,NO. 1 ENGINE - COMPLY WITH APPLICABLE PORTIONS P&W PERIODIC INSP GUIDE,"Revision: 71.0 (May 13, 2024)",,,,,,,03/12/2026,2939.00,,3366.00,,0,0,200.00,0,0.00,0.00,,,20.00,,,,,,3139.00,,,,,,,,,,,,53.50,,,,,,,,No,10+ Days,,06/18/2026,,,,,,,,,,REVISION PT6A-42,
N381HC,IHC Health Services,05/27/2026,10330.70,12166,72 0011,Engine 2,3085.50,3528.00,,,INSPECTION,,RECURRING,,NO. 2 ENGINE - COMPLY WITH APPLICABLE PORTIONS P&W PERIODIC INSP GUIDE,"Revision: 71.0 (May 13, 2024)",,,,,,,03/31/2026,2939.00,,3366.00,,0,0,200.00,0,0.00,0.00,,,20.00,,,,,,3139.00,,,,,,,,,,,,53.50,,,,,,,,No,10+ Days,,06/18/2026,,,,,,,,,,REVISION PT6A-42,
N381HC,IHC Health Services,05/27/2026,10330.70,12166,72 0013,Engine 1,3085.50,3528.00,,,INSPECTION,,,,NO. 1 ENGINE - ENGINE PERFORMANCE RECOVERY WASH,,,,,,,,03/31/2026,2939.00,,3366.00,,0,0,200.00,0,0.00,0.00,,,20.00,,,,,,3139.00,,,,,,,,,,,,53.50,,,,,,,,No,10+ Days,,06/18/2026,,,,,,,,,,,
N381HC,IHC Health Services,05/27/2026,10330.70,12166,72 0013,Engine 2,3085.50,3528.00,,,INSPECTION,,,,NO. 2 ENGINE - ENGINE PERFORMANCE RECOVERY WASH,,,,,,,,03/31/2026,2939.00,,3366.00,,0,0,200.00,0,0.00,0.00,,,20.00,,,,,,3139.00,,,,,,,,,,,,53.50,,,,,,,,No,10+ Days,,06/18/2026,,,,,,,,,,,
N981HC,IHC Health Services,04/24/2026,1269.70,894,26 22-00-2200,Airframe,1269.70,,894,,INSPECTION,,,5-20-08,CABIN PORTABLE FIRE EXTINGUISHER - ANNUAL DETAILED & WEIGHT FUNCTIONAL CHECK,,,,,,,PREVIOUSLY COMPLIED WITH BY STEVENS AEROSPACE (C/W: 8/8/2024 H:1080.7 L:755),06/18/2025,1256.10,886,,,0,12,,0,0.00,0.00,0,0,,0,0.00,0.00,06/18/2026,,,,,,,,,,22,,0,,,,,,,,,,No,10+ Days,,06/18/2026,,,,,,,,,,,
N981HC,IHC Health Services,04/24/2026,1269.70,894,26 22-00-2201,Airframe,1269.70,,894,,INSPECTION,,,5-20-08,COCKPIT PORTABLE FIRE EXTINGUISHER - ANNUAL DETAILED & WEIGHT FUNCTIONAL CHECK,,,,,,,PREVIOUSLY COMPLIED WITH BY STEVENS AEROSPACE (C/W: 8/8/2024 H:1080.7 L:755),06/18/2025,1256.10,886,,,0,12,,0,0.00,0.00,0,0,,0,0.00,0.00,06/18/2026,,,,,,,,,,22,,0,,,,,,,,,,No,10+ Days,,06/18/2026,,,,,,,,,,,
N981HC,IHC Health Services,04/24/2026,1269.70,894,27 70-01-2100,Airframe,1269.70,,894,,INSPECTION,,,5-20-08,CONTROL LOCK GENERAL VISUAL INSPECTION,,,,,,,PREVIOUSLY COMPLIED WITH BY STEVENS AEROSPACE (C/W: 8/8/2024 H:1080.7 L:755),06/18/2025,1256.10,886,,,0,12,,0,0.00,0.00,0,0,,0,0.00,0.00,06/18/2026,,,,,,,,,,22,,0,,,,,,,,,,No,10+ Days,,06/18/2026,,,,,,,,,,,
N981HC,IHC Health Services,04/24/2026,1269.70,894,35 00-00-2101.A,Airframe,1269.70,,894,,INSPECTION,,,5-20-08,PILOT CREW OXYGEN MASKS GENERAL VISUAL INSPECTION,,,,,,,PREVIOUSLY COMPLIED WITH BY STEVENS AEROSPACE (C/W: 8/8/2024 H:1080.7 L:755),06/18/2025,1256.10,886,,,0,12,,0,0.00,0.00,0,0,,0,0.00,0.00,06/18/2026,,,,,,,,,,22,,0,,,,,,,,,,No,10+ Days,,06/18/2026,,,,,,,,,,,
N981HC,IHC Health Services,04/24/2026,1269.70,894,35 00-00-2101.B,Airframe,1269.70,,894,,INSPECTION,,,5-20-08,CO-PILOT CREW OXYGEN MASKS GENERAL VISUAL INSPECTION,,,,,,,PREVIOUSLY COMPLIED WITH BY STEVENS AEROSPACE (C/W: 8/8/2024 H:1080.7 L:755),06/18/2025,1256.10,886,,,0,12,,0,0.00,0.00,0,0,,0,0.00,0.00,06/18/2026,,,,,,,,,,22,,0,,,,,,,,,,No,10+ Days,,06/18/2026,,,,,,,,,,,
N981HC,IHC Health Services,04/24/2026,1269.70,894,35 00-00-2102,Airframe,1269.70,,894,,INSPECTION,,,5-20-08,PASSENGER OXYGEN MASK GENERAL VISUAL INSPECTION,,,,,,,PREVIOUSLY COMPLIED WITH BY STEVENS AEROSPACE (C/W: 8/8/2024 H:1080.7 L:755),06/18/2025,1256.10,886,,,0,12,,0,0.00,0.00,0,0,,0,0.00,0.00,06/18/2026,,,,,,,,,,22,,0,,,,,,,,,,No,10+ Days,,06/18/2026,,,,,,,,,,,
N981HC,IHC Health Services,04/24/2026,1269.70,894,35 00-00-7201,Airframe,1269.70,,894,,INSPECTION,,,5-20-08,OXYGEN SYSTEM MANUAL OPERATION FUNCTIONAL CHECK,,,,,,,PREVIOUSLY COMPLIED WITH BY STEVENS AEROSPACE (C/W: 8/8/2024 H:1080.7 L:755),06/18/2025,1256.10,886,,,0,12,,0,0.00,0.00,0,0,,0,0.00,0.00,06/18/2026,,,,,,,,,,22,,0,,,,,,,,,,No,10+ Days,,06/18/2026,,,,,,,,,,,
N981HC,IHC Health Services,04/24/2026,1269.70,894,55 55-00-11,Airframe,1269.70,,894,,INSPECTION,,,5-20-08,"STABILIZER(S), HORIZONTAL AND VERTICAL INSPECTION",,,,,,,IAW KA-B200 Fusion SIRM 55-00-11 AND 55-00-12,06/18/2025,1256.10,886,,,0,12,,0,0.00,0.00,0,0,,0,0.00,0.00,06/18/2026,,,,,,,,,,22,,0,,,,,,,,,,No,10+ Days,,06/18/2026,,,,,,,,,,,
N90HG,CLASSIC AIR MEDICAL,05/26/2026,4206.70,4808,26 2102,Airframe,4206.70,0.00,4808,0.00,INSPECTION,,,CABIN FIREX,30 DAY CABIN FIRE EXTINGUISHER INSPECTION,,C352,I-57523562,,,,,05/20/2026,4206.70,4808,,,30,0,,0,0.00,0.00,0,0,,0,0.00,0.00,06/19/2026,,,,,,,,,,23,,0,,,,,,,,,,No,10+ Days,,06/19/2026,,,,,,,,,,,
N90HG,CLASSIC AIR MEDICAL,05/26/2026,4206.70,4808,26 2102,Airframe,4206.70,0.00,4808,0.00,INSPECTION,,,FL C FIREX,30 DAY COCKPIT FIRE EXTINGUISHER INSPECTION,,C352,U-307744,,,,,05/20/2026,4206.70,4808,,,30,0,,0,0.00,0.00,0,0,,0,0.00,0.00,06/19/2026,,,,,,,,,,23,,0,,,,,,,,,,No,10+ Days,,06/19/2026,,,,,,,,,,,
N381HC,IHC Health Services,05/27/2026,10330.70,12166,32 4005,Airframe,10330.70,,12166,,PART,Life Limited,LIFE LIMIT,,(RII) LEFT BRAKE HOSE LIFE LIMIT,,MS28741-4-0210 -0220,NA,,,,,06/23/2021,6554.40,7800,,,0,60,,0,0.00,0.00,,,,,,,06/23/2026,,,,,,,,,,27,,0,,,,,,,,,,No,10+ Days,,06/23/2026,0,,,,,,,,,RII,
N381HC,IHC Health Services,05/27/2026,10330.70,12166,32 4006,Airframe,10330.70,,12166,,PART,Life Limited,LIFE LIMIT,,(RII) RIGHT BRAKE HOSE LIFE LIMIT,,MS28741-4-0210 -0220,NA,,,,,06/23/2021,6554.40,7800,,,0,60,,0,0.00,0.00,,,,,,,06/23/2026,,,,,,,,,,27,,0,,,,,,,,,,No,10+ Days,,06/23/2026,,,,,,,,,,RII,
N381HC,IHC Health Services,05/27/2026,10330.70,12166,57 3035.1,Airframe,10330.70,,12166,,INSPECTION,,RII,,(RII)          LEFT WING LOWER FORWARD MAIN SPAR CLEVIS FITTINGS INSPECTION,SIRM 57-17-02,,,,,,[60 DAY WINDOW],06/23/2021,6554.40,7800,,,0,60,,0,0.00,0.00,,60,,,,,06/23/2026,,,,,,,,,,27,,0,,,,,,,,,,No,10+ Days,,06/23/2026,,,,,,,,,,RII,
N381HC,IHC Health Services,05/27/2026,10330.70,12166,57 3035.2,Airframe,10330.70,,12166,,INSPECTION,,,,"LEFT FLAT SURFACES, DEPRESSIONS, COUNTERBORES, BOLT BORES & WING BOLTS AT THE UPPER FORWARD, UPPER & LOWER AFT WING ATTACH JOINING POINTS INSPECTION",SIRM 57-17-02,,,,,,[60 DAY WINDOW],06/23/2021,6554.40,7800,,,0,60,,0,0.00,0.00,,60,,,,,06/23/2026,,,,,,,,,,27,,0,,,,,,,,,,No,10+ Days,,06/23/2026,,,,,,,,,,,
N381HC,IHC Health Services,05/27/2026,10330.70,12166,57 3036.1,Airframe,10330.70,,12166,,INSPECTION,,INSPECT,,RIGHT WING LOWER FORWARD MAIN SPAR CLEVIS FITTINGS INSPECTION,SIRM 57-17-02,,,,,,[60 DAY WINDOW],06/23/2021,6554.40,7800,,,0,60,,0,0.00,0.00,,60,,,,,06/23/2026,,,,,,,,,,27,,0,,,,,,,,,,No,10+ Days,,06/23/2026,,,,,,,,,,,
N381HC,IHC Health Services,05/27/2026,10330.70,12166,57 3036.2,Airframe,10330.70,,12166,,INSPECTION,,INSPECT,,"RIGHT FLAT SURFACES, DEPRESSIONS, COUNTERBORES, BOLT BORES & WING BOLTS AT THE UPPER FORWARD, UPPER & LOWER AFT WING ATTACH JOINING POINTS INSPECTION",SIRM 57-17-02,,,,,,[60 DAY WINDOW],06/23/2021,6554.40,7800,,,0,60,,0,0.00,0.00,,60,,,,,06/23/2026,,,,,,,,,,27,,0,,,,,,,,,,No,10+ Days,,06/23/2026,,,,,,,,,,,
N381HC,IHC Health Services,05/27/2026,10330.70,12166,57 3219,Airframe,10330.70,,12166,,PART,Life Limited,RII,,(RII)          LEFT LOWER FORWARD WING BOLT AND NUT LIFE LIMIT,,130909B175 & 130909N46,NA,,,,,06/23/2021,6554.40,7800,,,0,60,,0,0.00,0.00,,,,,,,06/23/2026,,,,,,,,,,27,,0,,,,,,,,,,No,10+ Days,,06/23/2026,0,,,,,,,,,RII,
N381HC,IHC Health Services,05/27/2026,10330.70,12166,57 3220,Airframe,10330.70,,12166,,PART,Life Limited,RII,,(RII)          RIGHT LOWER FORWARD WING BOLT AND NUT LIFE LIMIT,,130909B175 & 130909N46,NA,,,,,06/23/2021,6554.40,7800,,,0,60,,0,0.00,0.00,,,,,,,06/23/2026,,,,,,,,,,27,,0,,,,,,,,,,No,10+ Days,,06/23/2026,0,,,,,,,,,RII,
N981HC,IHC Health Services,04/24/2026,1269.70,894,34 23-07-7100.A,Airframe,1269.70,,894,,INSPECTION,,,5-20-08,ELECTRONIC STANDY INSTRUMENT SYSTEM (ESIS) BATTERY (PS835D) CAPACITY CHECK,,,,,,,PREVIOUSLY COMPLIED WITH BY STEVENS AEROSPACE (C/W: 8/8/2024 H:1080.7 L:755),06/24/2025,1256.10,886,,,0,12,,0,0.00,0.00,0,0,,0,0.00,0.00,06/24/2026,,,,,,,,,,28,,0,,,,,,,,,,No,10+ Days,,06/24/2026,,,,,,,,,,,
N981HC,IHC Health Services,04/24/2026,1269.70,894,34 23-07-7100.B,Airframe,1269.70,,894,,INSPECTION,,,5-20-08,ELECTRONIC STANDBY INSTRUMENT SYSTEM (ESIS) BATTERY (PS835D) PERIODIC CHECK,,,,,,,PREVIOUSLY COMPLIED WITH BY STEVENS AEROSPACE (C/W: 8/8/2024 H:1080.7 L:755),06/24/2025,1256.10,886,,,0,12,,0,0.00,0.00,0,0,,0,0.00,0.00,06/24/2026,,,,,,,,,,28,,0,,,,,,,,,,No,10+ Days,,06/24/2026,,,,,,,,,,,
N381HC,IHC Health Services,05/27/2026,10330.70,12166,71 0005,Airframe,10330.70,,12166,,INSPECTION,,LIFE LIMIT,,LEFT ENGINE FLAMMABLE FLUID HOSES LIFE LIMIT,,,,,,,,06/24/2021,6554.40,7800,,,0,60,,0,0.00,0.00,,,,,,,06/24/2026,,,,,,,,,,28,,0,,,,,,,,,,No,10+ Days,,06/24/2026,,,,,,,,,,,
N381HC,IHC Health Services,05/27/2026,10330.70,12166,71 0006,Airframe,10330.70,,12166,,INSPECTION,,LIFE LIMIT,,RIGHT ENGINE FLAMMABLE FLUID HOSES LIFE LIMIT,,,,,,,,06/24/2021,6554.40,7800,,,0,60,,0,0.00,0.00,,,,,,,06/24/2026,,,,,,,,,,28,,0,,,,,,,,,,No,10+ Days,,06/24/2026,,,,,,,,,,,
N981HC,IHC Health Services,04/24/2026,1269.70,894,31 10-00-2102,Airframe,1269.70,,894,,INSPECTION,,,5-20-08,"PILOT'S FUEL CONTROL PANEL AND LOWER PANEL, COPILOT CIRCUIT BREAKER PANEL AND OTHER WIRING CIRCUITRY BELOW THE STORM WINDOWS GENERAL VISUAL INSPECTION",,,,,,,PREVIOUSLY COMPLIED WITH BY STEVENS AEROSPACE (C/W: 8/8/2024 H:1080.7 L:755),06/25/2025,1256.10,886,,,0,12,,0,0.00,0.00,0,0,,0,0.00,0.00,06/25/2026,,,,,,,,,,29,,0,,,,,,,,,,No,10+ Days,,06/25/2026,,,,,,,,,,,
N981HC,IHC Health Services,04/24/2026,1269.70,894,56 21-00-7200,Airframe,1269.70,,894,,INSPECTION,,,5-20-08,"ELECTRONIC WINDOW SHADE (EWS) FUNCTIONAL TEST (APPLICABLE SERIALS: BY-207, BY-239, BY-250 THRU BY-419, BZ-1 THRU BZ-8)",,,,,,,PREVIOUSLY COMPLIED WITH BY STEVENS AEROSPACE (C/W: 8/8/2024 H:1080.7 L:755),06/25/2025,1256.10,886,,,0,12,,0,0.00,0.00,0,0,,0,0.00,0.00,06/25/2026,,,,,,,,,,29,,0,,,,,,,,,,No,10+ Days,,06/25/2026,,,,,,,,,,,
N781HC,IHC Health Services,05/27/2026,5181.70,6462,72 0100,Airframe,5181.70,,6462,,INSPECTION,,CONDITION CHECK,,CAMPS POWER ASSURANCE CHECK FORM,RFM,,,,,,,05/26/2026,5181.70,6462,,,30,0,,0,0.00,0.00,0,15,,0,0.00,0.00,06/25/2026,,,,,,,,,,29,,0,,,,,,,,,,No,10+ Days,,06/25/2026,,,,,,,,,,PILOT GOM,
N90HG,CLASSIC AIR MEDICAL,05/26/2026,4206.70,4808,25 STC SA00273WI,Airframe,4206.70,0.00,4808,0.00,INSPECTION,,ICA,,LIFEPORT 100 HOUR INSPECTION,EGR-677-12,,,,,,REF LIFEPORT DOCUMENT EGR-677-12,03/04/2026,4158.50,4742,,,0,0,100.00,0,0.00,0.00,0,0,10.00,0,0.00,0.00,,,4258.50,,,,,,,,,,,,51.80,,,,,,,,No,10+ Days,,06/26/2026,,,,,,,,,,ICA,
N481HC,IHC Health Services,05/27/2026,9887.60,11665,23 7005,Airframe,9887.60,,11665,,INSPECTION,,TEST,,OPERATIONALLY TEST THE COCKPIT VOICE RECORDER (CVR),"(REF. 23-70-05, 401)",,,,,,,06/27/2024,8483.60,10063,,,0,24,,0,0.00,0.00,,24,,,,,06/27/2026,,,,,,,,,,0,,1,,,,,,,,,,No,10+ Days,,06/27/2026,,,,,,,,,,,
N981HC,IHC Health Services,04/24/2026,1269.70,894,21 30-11-7200,Airframe,1269.70,,894,,INSPECTION,,,5-20-08,"CABIN ALTITUDE WARNING PRESSURE SWITCH FUNCTIONAL CHECK (APPLICABLE SERIALS: BY-207, 239, BY-250 THRU BY-392, BZ-1 AND BZ-2)",,,,,,,PREVIOUSLY COMPLIED WITH BY STEVENS AEROSPACE (C/W: 8/8/2024 H:1080.7 L:755),06/28/2025,1256.10,886,,,0,12,,0,0.00,0.00,0,0,,0,0.00,0.00,06/28/2026,,,,,,,,,,1,,1,,,,,,,,,,No,10+ Days,,06/28/2026,,,,,,,,,,,
N981HC,IHC Health Services,04/24/2026,1269.70,894,35 20-01-7200,Airframe,1269.70,,894,,INSPECTION,,,5-20-08,OXYGEN SYSTEM BAROMETRIC PRESSURE SWITCH FUNCTIONAL CHECK,,,,,,,PREVIOUSLY COMPLIED WITH BY STEVENS AEROSPACE (C/W: 8/8/2024 H:1080.7 L:755),06/28/2025,1256.10,886,,,0,12,,0,0.00,0.00,0,0,,0,0.00,0.00,06/28/2026,,,,,,,,,,1,,1,,,,,,,,,,No,10+ Days,,06/28/2026,,,,,,,,,,,
N981HC,IHC Health Services,04/24/2026,1269.70,894,05 20-08,Airframe,1269.70,,894,,INSPECTION,,,,INSPECTION DETAIL 8 (TO BE COMPLETED EVERY 12 MONTHS),,,,,,,"CONTROL LOCK GVI, PILOT FUEL CONTROL PANEL GVI, CABIN PRESSURE SWITCH, PRESSURIZATION TEST. TO BE COMPLETED EVERY 12 MONTHS.",06/25/2025,1256.10,886,,,,12,,,,,1,,,,,,06/30/2026,,,,,,,,,,3,,1,,,,,,,,,,No,10+ Days,,06/30/2026,,,,,,,,,,,
N981HC,IHC Health Services,04/24/2026,1269.70,894,05 20-34,Airframe,1269.70,,894,,INSPECTION,,,,INSPECTION DETAIL 34 (12 MONTH WING BOLT LUBE),,,,,,,"57-00-00-6400 Wings Lubrication
AT THE NEXT SCHEDULED INSPECTION AFTER WING INSTALLATION, THEN EVERY 12M THEREAFTER",06/18/2025,1256.10,886,,,,12,,,,,1,,,,,,06/30/2026,,,,,,,,,,3,,1,,,,,,,,,,No,10+ Days,,06/30/2026,,,,,,,,,,,
N981HC,IHC Health Services,04/24/2026,1269.70,894,05 20-49,Airframe,1269.70,,894,,INSPECTION,,,,INSPECTION DETAIL 49 - NACELLE SPLICE 12 MONTH INSPECTION,,,,,,,Task: 57-10-01-2100,06/25/2025,1256.10,886,,,,12,,,,,,,,,,,06/30/2026,,,,,,,,,,3,,1,,,,,,,,,,No,10+ Days,,06/30/2026,,,,,,,,,,,
N90HG,CLASSIC AIR MEDICAL,05/26/2026,4206.70,4808,25 APPAREO,Airframe,4206.70,0.00,4808,0.00,INSPECTION,,ICA,,APPAREO CAMERA - VISION 1000 INSPECTION (REFERENCE; VISION 1000 INSTRUCTIONS FOR CONTINUED AIRWORTHINESS DOCUMENT 606586-000016 TABLE 6),,,,,,,,06/04/2025,3788.50,4252,,,0,12,,0,0.00,0.00,0,0,,0,0.00,0.00,06/30/2026,,,,,,,,,,3,,1,,,,,,,,,,No,10+ Days,,06/30/2026,,,,,,,,,,ICA,
N90HG,CLASSIC AIR MEDICAL,05/26/2026,4206.70,4808,26 2104,Airframe,4206.70,0.00,4808,0.00,INSPECTION,,,FL C FIREX,12 MONTH COCKPIT FIRE EXTINGUISHER INSPECTION,,C352,U-307744,,,,,06/26/2025,3802.00,4265,,,,12,,,,,,12,,,,,06/30/2026,,,,,,,,,,3,,1,,,,,,,,,,No,10+ Days,,06/30/2026,,,,,,,,,,,
N781HC,IHC Health Services,05/27/2026,5181.70,6462,26 22-00-2100,Airframe,5181.70,,6462,,INSPECTION,,,,CABIN PORTABLE FIRE EXTINGUISHER - MONTHLY INSPECTION,,,,,,,"Completed Monthly Fire Extinguisher Inspection IAW IHC GMM Chapter 5 Section 4.0  Pages 75.40.2, Form QA-0145 & NFPA 10. No Discrepancies Noted at this time.",05/14/2026,5168.00,6439,,,0,1,,0,0.00,0.00,,,,,,,06/30/2026,,,,,,,,,,3,,1,,,,,,,,,,No,10+ Days,,06/30/2026,,,,,,,,,,,
N781HC,IHC Health Services,05/27/2026,5181.70,6462,26 22-00-2101,Airframe,5181.70,,6462,,INSPECTION,,,,COCKPIT PORTABLE FIRE EXTINGUISHER - MONTHLY INSPECTION,,,,,,,"Completed Monthly Fire Extinguisher Inspection IAW IHC GMM Chapter 5 Section 4.0  Pages 75.40.2, Form QA-0145 & NFPA 10. No Discrepancies Noted at this time.",05/14/2026,5168.00,6439,,,0,1,,0,0.00,0.00,,,,,,,06/30/2026,,,,,,,,,,3,,1,,,,,,,,,,No,10+ Days,,06/30/2026,,,,,,,,,,,
N981HC,IHC Health Services,04/24/2026,1269.70,894,33 2001,Airframe,1269.70,,894,,INSPECTION,,AIRWORTHINESS,,INSPECT EMERGENCY EXIT SIGN (SELF-ILLUMINATING),,,,,,,"REPLACE SEVEN YEARS FROM THE DATE OF MANUFACTURE AS STATED ON THE SIGN, OR INSPECT ANNUALLY BEGINNING AT SEVEN YEARS AND REPLACE WHEN THE BRIGHTNESS LEVEL DROPS BELOW 100 MICROLAMBERTS.
SEE REPLACEMENT TASK 335001",06/24/2025,1256.10,886,,,,12,,,,,,,,,,,06/30/2026,,,,,,,,,,3,,1,,,,,,,,,,No,10+ Days,,06/30/2026,,,,,,,,,,,
N381HC,IHC Health Services,05/27/2026,10330.70,12166,34 0005,Airframe,10330.70,,12166,,INSPECTION,,CALIBRATE,,PILOT'S PITOT STATIC SYSTEM CERTIFICATION,,,,,,,,06/05/2024,9076.00,10723,,,0,24,,0,0.00,0.00,,,,,,,06/30/2026,,,,,,,,,,3,,1,,,,,,,,,,No,10+ Days,,06/30/2026,,,,,,,,,,,
N381HC,IHC Health Services,05/27/2026,10330.70,12166,34 0006,Airframe,10330.70,,12166,,INSPECTION,,CALIBRATE,,COPILOT'S PITOT STATIC SYSTEM CERTIFICATION,,,,,,,,06/05/2024,9076.00,10723,,,0,24,,0,0.00,0.00,,,,,,,06/30/2026,,,,,,,,,,3,,1,,,,,,,,,,No,10+ Days,,06/30/2026,,,,,,,,,,,
N381HC,IHC Health Services,05/27/2026,10330.70,12166,34 0009.1,Airframe,10330.70,,12166,,INSPECTION,,CALIBRATE,,#1 TRANSPONDER INSPECTION,,,,,,,,06/05/2024,9076.00,10723,,,0,24,,0,0.00,0.00,,,,,,,06/30/2026,,,,,,,,,,3,,1,,,,,,,,,,No,10+ Days,,06/30/2026,,,,,,,,,,,
N381HC,IHC Health Services,05/27/2026,10330.70,12166,34 0010.1,Airframe,10330.70,,12166,,INSPECTION,,CALIBRATE,,#2 TRANSPONDER INSPECTION,,,,,,,,06/05/2024,9076.00,10723,,,0,24,,0,0.00,0.00,,,,,,,06/30/2026,,,,,,,,,,3,,1,,,,,,,,,,No,10+ Days,,06/30/2026,,,,,,,,,,,
N381HC,IHC Health Services,05/27/2026,10330.70,12166,34 0017.1,Airframe,10330.70,,12166,,INSPECTION,,CALIBRATE,,AIR DATA COMPUTER CERTIFICATION--#1,,,,,,,,06/05/2024,9076.00,10723,,,0,24,,0,0.00,0.00,,,,,,,06/30/2026,,,,,,,,,,3,,1,,,,,,,,,,No,10+ Days,,06/30/2026,,,,,,,,,,,
N381HC,IHC Health Services,05/27/2026,10330.70,12166,34 0017.1,Airframe,10330.70,,12166,,INSPECTION,,CALIBRATE,,AIR DATA COMPUTER CERTIFICATION--#2,,,,,,,,06/05/2024,9076.00,10723,,,0,24,,0,,,,,,,,,06/30/2026,,,,,,,,,,3,,1,,,,,,,,,,No,10+ Days,,06/30/2026,,,,,,,,,,,
N981HC,IHC Health Services,04/24/2026,1269.70,894,35 0106,Airframe,1269.70,,894,,INSPECTION,,RII,,HYDROSTATIC TEST OXYGEN CYLINDER,,,,,,,,06/05/2021,578.80,384,,,,60,,,,,,,,,,,06/30/2026,,,,,,,,,,3,,1,,,,,,,,,,No,10+ Days,,06/30/2026,,,,,,,,,,,
N981HC,IHC Health Services,04/24/2026,1269.70,894,35 0651,Airframe,1269.70,,894,,PART,Overhaul,,,OXYGEN REGULATOR ASSEMBLY,,803213-02,UNKNOWN,,,,,06/05/2021,578.80,384,,,,60,,,,,,,,,,,06/30/2026,,,,,,,,,,3,,1,,,,,,,,,,No,10+ Days,,06/30/2026,0,0,0,0.00,0.00,0.00,0,0,0,,
N981HC,IHC Health Services,04/24/2026,1269.70,894,57 -17-02.08,Airframe,1269.70,,894,,INSPECTION,,,,OUTBOARD WING PANEL UPPER AND LOWER MAIN SPAR CAPS-IAW BLR WINGLET ICA doc# BLR-200-950 and B200 SIRM 57-17-02 table 201,,,,,,,,06/25/2025,1256.10,886,,,,12,,,,,,,,,,,06/30/2026,,,,,,,,,,3,,1,,,,,,,,,,No,10+ Days,,06/30/2026,,,,,,,,,,,
N90HG,CLASSIC AIR MEDICAL,05/26/2026,4206.70,4808,61 0025,Propeller 2,2958.20,0.00,0,0.00,INSPECTION,,,,PROPELLER - DE-ICE CIRCUIT RESISTANCE CHECK,,,,,,,"IAW HARTZELL PROPELLER ICE PROTECTION SYSTEM MANUAL 180, 30-61-80",06/03/2025,2540.00,,,,0,12,,0,0.00,0.00,0,12,,0,0.00,0.00,06/30/2026,,,,,,,,,,3,,1,,,,,,,,,,No,10+ Days,,06/30/2026,,,,,,,,,,,
N90HG,CLASSIC AIR MEDICAL,05/26/2026,4206.70,4808,61 0025,Propeller 1,2958.20,0.00,0,0.00,INSPECTION,,,,PROPELLER - DE-ICE CIRCUIT RESISTANCE CHECK,,,,,,,"IAW HARTZELL PROPELLER ICE PROTECTION SYSTEM MANUAL 180, 30-61-80",06/03/2025,2540.00,,,,0,12,,,,,0,12,,,,,06/30/2026,,,,,,,,,,3,,1,,,,,,,,,,No,10+ Days,,06/30/2026,,,,,,,,,,,
N981HC,IHC Health Services,04/24/2026,1269.70,894,79 0040,Engine 1,1269.70,894.00,,,INSPECTION,Life Limited,RII,,NO. 1 ENGINE - BRIDGE CHECK CHIP DETECTOR CHIP DETECTOR,,,,,,,,06/25/2025,1256.10,,886.00,,,12,600.00,,,,,30,60.00,,,,06/30/2026,,1856.10,,,,,,,,3,,1,,586.40,,,,,,,,No,10+ Days,,06/30/2026,,,,,,,,,,,
N981HC,IHC Health Services,04/24/2026,1269.70,894,79 0040,Engine 2,1269.70,894.00,,,INSPECTION,Life Limited,RII,,NO. 2 ENGINE - BRIDGE CHECK CHIP DETECTOR CHIP DETECTOR,,,,,,,,06/25/2025,1256.10,,886.00,,,12,600.00,,,,,30,60.00,,,,06/30/2026,,1856.10,,,,,,,,3,,1,,586.40,,,,,,,,No,10+ Days,,06/30/2026,,,,,,,,,,,
N481HC,IHC Health Services,05/27/2026,9887.60,11665,27 3000,Airframe,9887.60,,11665,,INSPECTION,,,,ELEVATOR BOBWEIGHT LINK ASSEMBLY INSPECTION,"REF. 27-30-23, 601",,,,,,,10/02/2019,4993.90,5944,,,0,0,5000.00,0,0.00,,,,500.00,,,,,,9993.90,,,,,,,,,,,,106.30,,,,,,,,No,10+ Days,,07/09/2026,,,,,,,,,,,
N481HC,IHC Health Services,05/27/2026,9887.60,11665,32 0105,Airframe,9887.60,,11665,,PART,None,RII,,(RII)            HYDRAULIC LANDING GEAR SYSTEM FILTER AND PACKING REPLACEMENT,,570357,No Lot Number,,,,,05/22/2025,9104.10,10796,,,0,0,1200.00,1000,0.00,0.00,,,120.00,100,,,,,10304.10,,11796,,,,,,,,,,416.50,,131,,,,,,No,10+ Days,,07/10/2026,,,,,,,,,,RII,
N481HC,IHC Health Services,05/27/2026,9887.60,11665,53 0006,Airframe,9887.60,,11665,,INSPECTION,,INSPECT,,AIRFRAME EXTERIOR SKIN PRIORITY AREA INSPECTION,,,,,,,[10000 INITIAL CYC REQ.] [100 CYCLE WINDOW]  [CUSTOM FREQUENCY],05/23/2025,9104.10,10796,,,0,0,,1000,0.00,0.00,,,,100,,,,,,,11796,,,,,,,,,,,,131,,,,,,No,10+ Days,,07/10/2026,,,,,,,,,,,
N481HC,IHC Health Services,05/27/2026,9887.60,11665,53 0015,Airframe,9887.60,,11665,,INSPECTION,,INSPECT,,FUSELAGE FRAME FS 84 THRU FS 347.75 PRIORITY AREA INSPECTION,,,,,,,[10000 INITIAL CYC REQ.]  1000 CYC RECURRING,05/15/2025,9104.10,10796,,,0,0,,1000,0.00,0.00,,,,100,,,,,,,11796,,,,,,,,,,,,131,,,,,,No,10+ Days,,07/10/2026,,,,,,,,,,,
N481HC,IHC Health Services,05/27/2026,9887.60,11665,53 1016,Airframe,9887.60,,11665,,INSPECTION,,INSPECT,,AIRSTAIR DOOR SPECIAL PRIORITY AREA INSPECTION,,,,,,,[5000 INITIAL CYC REQ.] [100 CYCLE WINDOW]  [CUSTOM FREQUENCY],05/20/2025,9104.10,10796,,,0,0,,1000,0.00,0.00,,,,100,,,,,,,11796,,,,,,,,,,,,131,,,,,,No,10+ Days,,07/10/2026,,,,,,,,,,,
N481HC,IHC Health Services,05/27/2026,9887.60,11665,53 2016,Airframe,9887.60,,11665,,INSPECTION,,,,EMERGENCY EXIT DOOR (ESCAPE HATCHES) SPECIAL PRIORITY AREA INSPECTION,,,,,,,[5000 INITIAL CYC REQ.] [100 CYCLE WINDOW]  [CUSTOM FREQUENCY],05/20/2025,9104.10,10796,,,0,0,,1000,0.00,0.00,,,,100,,,,,,,11796,,,,,,,,,,,,131,,,,,,No,10+ Days,,07/10/2026,,,,,,,,,,,
N481HC,IHC Health Services,05/27/2026,9887.60,11665,56 1005,Airframe,9887.60,,11665,,INSPECTION,,INSPECT,,LEFT WINDSHIELD UPPER AND LOWER AND STORM WINDOW CORNERS DOUBLERS AND CLIPS PRIORITY AREA INSPECTION,,,,,,,[10000 INITIAL CYC REQ.]  [CUSTOM FREQUENCY],05/15/2025,9104.10,10796,,,0,0,,1000,0.00,0.00,,,,100,,,,,,,11796,,,,,,,,,,,,131,,,,,,No,10+ Days,,07/10/2026,,,,,,,,,,,
N481HC,IHC Health Services,05/27/2026,9887.60,11665,56 1006,Airframe,9887.60,,11665,,INSPECTION,,INSPECT,,RIGHT WINDSHIELD UPPER AND LOWER AND STORM WINDOW CORNERS DOUBLERS AND CLIPS PRIORITY AREA INSPECTION,,,,,,,[10000 INITIAL CYC REQ.]  [CUSTOM FREQUENCY],05/15/2025,9104.10,10796,,,0,0,,1000,0.00,0.00,,,,100,,,,,,,11796,,,,,,,,,,,,131,,,,,,No,10+ Days,,07/10/2026,,,,,,,,,,,
N904KS,CLASSIC AIR MEDICAL,05/21/2026,3319.50,4054,25 STC SA00273WI,Airframe,3319.50,0.00,4054,0.00,INSPECTION,,ICA,,LIFEPORT 100 HOUR INSPECTION,EGR-677-12,,,,,,REF LIFEPORT DOCUMENT EGR-677-12,02/18/2026,3292.60,4011,,,0,0,100.00,0,0.00,0.00,0,0,10.00,0,0.00,0.00,,,3392.60,,,,,,,,,,,,73.10,,,,,,,,No,10+ Days,,07/15/2026,,,,,,,,,,ICA,
N781HC,IHC Health Services,05/27/2026,5181.70,6462,61 1205,Propeller 1,5181.70,0.00,,,PART,Overhaul,RII,,"(RII)          PROPELLER OVERHAUL, HARTZELL ALUMINUM HUB LIGHTWEIGHT SERIES",,HC-E4N-3G,HH-1880,,,,"ADD ""OVERHAUL"" TO S/N FOR INVENTORY INTEGRATION",07/20/2020,2981.30,,,,0,72,4000.00,0,0.00,0.00,,,,,,,07/20/2026,,6981.30,,,,,,,,23,,1,,1799.60,,,,,,,,No,10+ Days,,07/20/2026,,0,,2981.30,0.00,,,,,RII,
N781HC,IHC Health Services,05/27/2026,5181.70,6462,61 1205,Propeller 2,5181.70,0.00,,,PART,Overhaul,RII,,"(RII)          PROPELLER OVERHAUL, HARTZELL ALUMINUM HUB LIGHTWEIGHT SERIES",,HC-E4N-3G,HH-1885,,,,"ADD ""OVERHAUL"" TO S/N FOR INVENTORY INTEGRATION",07/20/2020,2981.30,,,,0,72,4000.00,0,0.00,0.00,,,,,,,07/20/2026,,6981.30,,,,,,,,23,,1,,1799.60,,,,,,,,No,10+ Days,,07/20/2026,,0,,2981.30,0.00,,,,,RII,
N90HG,CLASSIC AIR MEDICAL,05/26/2026,4206.70,4808,73 1030,Engine 2,4016.50,4563.00,0,0.00,PART,Life Limited,,PZ1469,ENGINE - REPLACE FUEL PUMP OUTLET FILTER,,3059779-01,No Lot Number,,,,,08/24/2024,3509.60,,3876.00,,,,600.00,,,,,,60.00,,,,,,4109.60,,,,,,,,,,,,93.10,,,,,,,,No,10+ Days,,07/20/2026,,,,0.00,,,,,,,
N90HG,CLASSIC AIR MEDICAL,05/26/2026,4206.70,4808,73 1040,Engine 2,4016.50,4563.00,0,0.00,INSPECTION,,,PZ1469,ENGINE - CHECK/CLEAN/REPLACE FUEL PUMP INLET SCREEN,,,,,,,,08/24/2024,3509.60,,3876.00,,,,600.00,,,,,,60.00,,,,,,4109.60,,,,,,,,,,,,93.10,,,,,,,,No,10+ Days,,07/20/2026,,,,,,,,,,,
N904KS,CLASSIC AIR MEDICAL,05/21/2026,3319.50,4054,32 0646,Airframe,3319.50,0.00,4054,0.00,INSPECTION,,,,INSPECT LEFT-HAND MAIN GEAR ACTUATOR CLEVIS -  Inspect clevis hole for wear Maximum allowable wear of clevis hole is not to exceed 0.3265 inch (Disassembly required),,,,,,,,08/22/2023,2670.60,3170,,,,,,1000,,,,,,100,,,,,,,4170,,,,,,,,,,,,116,,,,,,No,10+ Days,,07/24/2026,,,,,,,,,,,
N904KS,CLASSIC AIR MEDICAL,05/21/2026,3319.50,4054,32 1146,Airframe,3319.50,0.00,4054,0.00,INSPECTION,,,,INSPECT RIGHT-HAND MAIN GEAR ACTUATOR CLEVIS -  Inspect clevis hole for wear Maximum allowable wear of clevis hole is not to exceed 0.3265 inch (Disassembly required),,,,,,,,08/22/2023,2670.60,3170,,,,,,1000,,,,,,100,,,,,,,4170,,,,,,,,,,,,116,,,,,,No,10+ Days,,07/24/2026,,,,,,,,,,,
N904KS,CLASSIC AIR MEDICAL,05/21/2026,3319.50,4054,32 1646,Airframe,3319.50,0.00,4054,0.00,INSPECTION,,,,"INSPECT NOSE LANDING GEAR ACTUATOR CLEVIS - Inspect clevis hole for excessive wear (Disassembly require) (Ref. Component Maintenance Manual, 32-00-00).",,,,,,,,08/22/2023,2670.60,3170,,,,,,1000,,,,,,100,,,,,,,4170,,,,,,,,,,,,116,,,,,,No,10+ Days,,07/24/2026,,,,,,,,,,,
N904KS,CLASSIC AIR MEDICAL,05/21/2026,3319.50,4054,61 0021,Propeller 1,2826.60,0.00,0,0.00,INSPECTION,,,,PROPELLER DE-ICE AND ANTI-ICE SYSTEM INSPECTION,,,,,,,"IAW HARTZELL PROPELLER ICE PROTECTION SYSTEM MANUAL 180, 30-61-80",12/31/2025,2714.30,,,,0,12,200.00,0,0.00,0.00,0,12,20.00,0,0.00,0.00,12/31/2026,,2914.30,,,,,,,,4,,7,,87.70,,,,,,,,No,10+ Days,,07/25/2026,,,,,,,,,,,
N904KS,CLASSIC AIR MEDICAL,05/21/2026,3319.50,4054,61 0021,Propeller 2,2826.60,0.00,0,0.00,INSPECTION,,,,PROPELLER DE-ICE AND ANTI-ICE SYSTEM INSPECTION,,,,,,,"IAW HARTZELL PROPELLER ICE PROTECTION SYSTEM MANUAL 180, 30-61-80",12/31/2025,2714.30,,,,0,12,200.00,0,0.00,0.00,0,12,20.00,0,0.00,0.00,12/31/2026,,2914.30,,,,,,,,4,,7,,87.70,,,,,,,,No,10+ Days,,07/25/2026,,,,,,,,,,,
N904KS,CLASSIC AIR MEDICAL,05/21/2026,3319.50,4054,61 0026,Propeller 1,2826.60,0.00,0,0.00,INSPECTION,,,,AIRFRAME MOUNTED HARTZELL BRUSH BLOCK ASSEMBLY INSPECTION (REF: HARTZELL PROPELLER ICE PROTECTION SYSTEM MANUAL 180),,,,,,,"IAW HARTZELL PROPELLER ICE PROTECTION SYSTEM MANUAL 180, 30-61-80",12/31/2025,2714.30,,,,0,12,200.00,0,0.00,0.00,0,12,20.00,0,0.00,0.00,12/31/2026,,2914.30,,,,,,,,4,,7,,87.70,,,,,,,,No,10+ Days,,07/25/2026,,,,,,,,,,,
N904KS,CLASSIC AIR MEDICAL,05/21/2026,3319.50,4054,61 0026,Propeller 2,2826.60,0.00,0,0.00,INSPECTION,,,,AIRFRAME MOUNTED HARTZELL BRUSH BLOCK ASSEMBLY INSPECTION (REF: HARTZELL PROPELLER ICE PROTECTION SYSTEM MANUAL 180),,,,,,,"IAW HARTZELL PROPELLER ICE PROTECTION SYSTEM MANUAL 180, 30-61-80",12/31/2025,2714.30,,,,0,12,200.00,0,0.00,0.00,0,12,20.00,0,0.00,0.00,12/31/2026,,2914.30,,,,,,,,4,,7,,87.70,,,,,,,,No,10+ Days,,07/25/2026,,,,,,,,,,,
N904KS,CLASSIC AIR MEDICAL,05/21/2026,3319.50,4054,71 0030,Engine 2,2346.10,2705.00,0,0.00,INSPECTION,,,1074,ENGINE - BORESCOPE INSPECT HOT SECTION,,,,,,,,07/12/2025,2035.90,,2293.00,,,,400.00,,,,,,40.00,,,,,,2435.90,,,,,,,,,,,,89.80,,,,,,,,No,10+ Days,,07/26/2026,,,,,,,,,,,
N904KS,CLASSIC AIR MEDICAL,05/21/2026,3319.50,4054,73 1024,Engine 2,2346.10,2705.00,0,0.00,INSPECTION,,,1074,ENGINE - CLEAN/LEAK/FUNCTIONAL TEST FUEL MANIFOLD AND NOZZLES,,,,,,,,07/10/2025,2035.90,,2293.00,,0,0,400.00,0,0.00,0.00,,,40.00,0,,0.00,,,2435.90,,,,,,,,,,,,89.80,,,,,,,,No,10+ Days,,07/26/2026,,,,,,,,,,,
N904KS,CLASSIC AIR MEDICAL,05/21/2026,3319.50,4054,74 1025,Engine 2,2346.10,2705.00,0,0.00,INSPECTION,,,,ENGINE - SYSTEMS - IGNITION SYSTEM - EXAMINE THE OUTBOARD SPARK IGNITER FOR CLEANLINESS AND EROSION. DO A FUNCTIONAL CHECK,,,,,,,,07/12/2025,2035.90,,2293.00,,0,0,400.00,0,0.00,0.00,,,40.00,0,,0.00,,,2435.90,,,,,,,,,,,,89.80,,,,,,,,No,10+ Days,,07/26/2026,,,,,,,,,,,
N904KS,CLASSIC AIR MEDICAL,05/21/2026,3319.50,4054,74 1026,Engine 2,2346.10,2705.00,0,0.00,INSPECTION,,,,ENGINE - SYSTEMS - IGNITION SYSTEM - EXAMINE THE IGNITION EXCITER REGULATOR FOR INSTALLATION AND CONDITION,,,,,,,,07/12/2025,2035.90,,2293.00,,0,0,400.00,0,0.00,0.00,,,40.00,0,,0.00,,,2435.90,,,,,,,,,,,,89.80,,,,,,,,No,10+ Days,,07/26/2026,,,,,,,,,,,
N904KS,CLASSIC AIR MEDICAL,05/21/2026,3319.50,4054,74 1028,Engine 2,2346.10,2705.00,0,0.00,INSPECTION,,,,"ENGINE - SYSTEMS - IGNITION SYSTEM - EXAMINE THE IGNITION CABLES FOR CHAFING, WEAR AND INSTALLATION",,,,,,,,07/12/2025,2035.90,,2293.00,,0,0,400.00,0,0.00,0.00,,,40.00,0,,0.00,,,2435.90,,,,,,,,,,,,89.80,,,,,,,,No,10+ Days,,07/26/2026,,,,,,,,,,,
N904KS,CLASSIC AIR MEDICAL,05/21/2026,3319.50,4054,74 1035,Engine 2,2346.10,2705.00,0,0.00,INSPECTION,,,,ENGINE - SYSTEMS - IGNITION SYSTEM - EXAMINE THE INBOARD SPARK IGNITER FOR CLEANLINESS ANDEROSION. DO A FUNCTIONAL CHECK,,,,,,,,07/12/2025,2035.90,,2293.00,,0,0,400.00,0,0.00,0.00,,,40.00,0,,0.00,,,2435.90,,,,,,,,,,,,89.80,,,,,,,,No,10+ Days,,07/26/2026,,,,,,,,,,,
N904KS,CLASSIC AIR MEDICAL,05/21/2026,3319.50,4054,05 -25-03,Airframe,3319.50,0.00,4054,0.00,INSPECTION,,Routine Inspections,,ACCOMPLISH PHASE 3 INSPECTION,,,,,,,"PHASE 1,2,3,4 HAS BEEN PERFORMED BY TEXTRON AVIATION AT THE SAME TIME. MANUAL INTERVAL ADJUSTMENT COMPLETED BY OVERWRITING NEXT DUE by ANDRAS FOTH - this note shall be removed once Phase 3 is completed and interval has been reset to 800 hour by FW records.",02/18/2025,2812.20,3379,,,,24,600.00,,,,,,20.00,,,,02/28/2027,,3412.20,,,,,,,,1,,9,,92.70,,,,,,,,No,10+ Days,,07/28/2026,,,,,,,,,,,
N904KS,CLASSIC AIR MEDICAL,05/21/2026,3319.50,4054,73 1030,Engine 1,3319.50,4054.00,0,0.00,PART,Life Limited,,PZ1075,ENGINE - REPLACE FUEL PUMP OUTLET FILTER,,3059779-01,No Lot Number,,,,,02/18/2025,2812.20,,3379.00,,,,600.00,,,,,,60.00,,,,,,3412.20,,,,,,,,,,,,92.70,,,,,,,,No,10+ Days,,07/28/2026,,,,0.00,,,,,,,
N904KS,CLASSIC AIR MEDICAL,05/21/2026,3319.50,4054,73 1030,Engine 2,2346.10,2705.00,0,0.00,PART,Life Limited,,1074,ENGINE - REPLACE FUEL PUMP OUTLET FILTER,,3059779-01,NO LOT,,,,,02/18/2025,1838.80,,2030.00,,,,600.00,,,,,,60.00,,,,,,2438.80,,,,,,,,,,,,92.70,,,,,,,,No,10+ Days,,07/28/2026,,,,0.00,,,,,,,
N904KS,CLASSIC AIR MEDICAL,05/21/2026,3319.50,4054,73 1040,Engine 1,3319.50,4054.00,0,0.00,INSPECTION,,,PZ1075,ENGINE - CHECK/CLEAN/REPLACE FUEL PUMP INLET SCREEN,,,,,,,,02/18/2025,2812.20,,3379.00,,,,600.00,,,,,,60.00,,,,,,3412.20,,,,,,,,,,,,92.70,,,,,,,,No,10+ Days,,07/28/2026,,,,,,,,,,,
N904KS,CLASSIC AIR MEDICAL,05/21/2026,3319.50,4054,73 1040,Engine 2,2346.10,2705.00,0,0.00,INSPECTION,,,1074,ENGINE - CHECK/CLEAN/REPLACE FUEL PUMP INLET SCREEN,,,,,,,,02/18/2025,1838.80,,2030.00,,,,600.00,,,,,,60.00,,,,,,2438.80,,,,,,,,,,,,92.70,,,,,,,,No,10+ Days,,07/28/2026,,,,,,,,,,,
N904KS,CLASSIC AIR MEDICAL,05/21/2026,3319.50,4054,79 0070,Engine 2,2346.10,2705.00,0,0.00,INSPECTION,,,1074,ENGINE - CHECK SCAVENGE OIL PUMP INLET SCREEN,,,,,,,,11/19/2019,1441.70,,1490.00,,,,1000.00,,,,,,100.00,,,,,,2441.70,,,,,,,,,,,,95.60,,,,,,,,No,10+ Days,,07/30/2026,,,,,,,,,,,
N381HC,IHC Health Services,05/27/2026,10330.70,12166,05 1020,Airframe,10330.70,,12166,,INSPECTION,,INSPECT,,PHASES 1 THRU 4 COMPLETED TAG,,,,,,,(END OF MONTH),07/18/2024,9153.90,10808,,,0,24,,0,0.00,0.00,,,,,,,07/31/2026,,,,,,,,,,4,,2,,,,,,,,,,No,10+ Days,,07/31/2026,,,,,,,,,,,
N90HG,CLASSIC AIR MEDICAL,05/26/2026,4206.70,4808,08 0005,Airframe,4206.70,0.00,4808,0.00,INSPECTION,,RII,,(RII) WEIGH AIRCRAFT AND UPDATE FLIGHT MANUAL WEIGHT AND BALANCE INFORMATION,,,,,,,INSPECTOR SIGNATURE REQUIRED,07/31/2023,2923.60,3016,,,0,36,,0,0.00,0.00,0,0,,0,0.00,0.00,07/31/2026,,,,,,,,,,4,,2,,,,,,,,,,No,10+ Days,,07/31/2026,,,,,,,,,,RII,
N90HG,CLASSIC AIR MEDICAL,05/26/2026,4206.70,4808,24 3100,Airframe,4206.70,0.00,4808,0.00,INSPECTION,,,LEAD BATTERY,CONCORDE BATTERY CAPACITY CHECK - Record Capacity Check Result - Next Due Adjustment Required based on Capacity Check %,,RG-380E/44K,70052331,,,,"a. Initial check at 12 months after initial installation (± 1 month). 
b. As long as the capacity is above 90%, subsequent capacity checks every 6 months in service (± 1 month). 
c. If the capacity is 90% or below and not less than 85%, subsequent checks every 3 months in service (± 1 month). 
d. If the capacity is less than 85%, remove battery from service.",07/22/2025,3863.80,4349,,,0,12,,0,0.00,0.00,0,12,,0,0.00,0.00,07/31/2026,,,,,,,,,,4,,2,,,,,,,,,,No,10+ Days,,07/31/2026,,,,,,,,,,,
N904KS,CLASSIC AIR MEDICAL,05/21/2026,3319.50,4054,73 1090,Engine 1,3319.50,4054.00,0,0.00,PART,Overhaul,RII,PZ1075,(RII) ENGINE - FUEL CONTROL UNIT,P&W SB 1803,3057221-01,C80904,,,,"INSPECTOR SIGNATURE REQUIRED - If the FCU has exceeded 12 years since new or since last overhaul or drive body inspection, the operator may schedule the FCU shop visit within the following calendar transition period (from 31 July 2023): (a) If the interval is less than 22 years (last performed after July 2001), P&WC recommend to comply within 36 months (prior to July 2026). (b) If the interval is greater than 22 years (last performed prior to July 2001), P&WC recommend to comply within 12 months (prior to July 2024). PT6A-135A MM 72-00-00 TABLE 601 PERIODIC INSPECTION 3.B.(10) NOTE: 3.",07/16/2010,0.00,,0.00,,,144,3600.00,,,,,,500.00,,,,07/31/2026,,3600.00,,,,,,,,4,,2,,280.50,,,,,,,,No,10+ Days,,07/31/2026,,0,,,0.00,,,,,RII,
N904KS,CLASSIC AIR MEDICAL,05/21/2026,3319.50,4054,73 1090,Engine 2,2346.10,2705.00,0,0.00,PART,Overhaul,RII,1074,(RII) ENGINE - FUEL CONTROL UNIT,P&W SB 1803,3057221-01,C80850,,,,"INSPECTOR SIGNATURE REQUIRED - If the FCU has exceeded 12 years since new or since last overhaul or drive body inspection, the operator may schedule the FCU shop visit within the following calendar transition period (from 31 July 2023): (a) If the interval is less than 22 years (last performed after July 2001), P&WC recommend to comply within 36 months (prior to July 2026). (b) If the interval is greater than 22 years (last performed prior to July 2001), P&WC recommend to comply within 12 months (prior to July 2024). PT6A-135A MM 72-00-00 TABLE 601 PERIODIC INSPECTION 3.B.(10) NOTE: 3.",07/14/2010,0.00,,0.00,,,144,3600.00,,,,,,500.00,,,,07/31/2026,,3600.00,,,,,,,,4,,2,,1253.90,,,,,,,,No,10+ Days,,07/31/2026,0,0,,0.00,0.00,,0,0,0,RII,
N381HC,IHC Health Services,05/27/2026,10330.70,12166,20 3020,Airframe,10330.70,,12166,,INSPECTION,,,,COCKPIT INSPECTION WITH INTERIOR REMOVED (SPECIAL INSPECTION),,,,,,,,06/12/2023,8339.50,9849,,,0,,,2500,0.00,,,,,250,,,,,,,12349,,,,,,,,,,,,183,,,,,,No,10+ Days,,08/02/2026,,,,,,,,,,,
N381HC,IHC Health Services,05/27/2026,10330.70,12166,20 3021,Airframe,10330.70,,12166,,INSPECTION,,,,CABIN INSPECTION WITH INTERIOR REMOVED (SPECIAL INSPECTION),,,,,,,,06/12/2023,8339.50,9849,,,0,,,2500,0.00,,,60,,250,,,,,,,12349,,,,,,,,,,,,183,,,,,,No,10+ Days,,08/02/2026,,,,,,,,,,,
N381HC,IHC Health Services,05/27/2026,10330.70,12166,53 0010,Airframe,10330.70,,12166,,INSPECTION,,INSPECT,,FORWARD PRESSURE BULKHEAD PRIORITY AREA INSPECTION (SPECIAL INSPECTION),,,,,,,2500 CYCLE / 2500 RECURRING [250 CYCLE WINDOW],06/14/2023,8339.50,9849,,,0,0,,2500,0.00,0.00,,,,250,,,,,,,12349,,,,,,,,,,,,183,,,,,,No,10+ Days,,08/02/2026,,,,,,,,,,,
N904KS,CLASSIC AIR MEDICAL,05/21/2026,3319.50,4054,12 2020,Airframe,3319.50,0.00,4054,0.00,INSPECTION,,,,LUBRICATION 200 HOUR,,,,,,,,01/05/2026,3225.00,3918,,,,,200.00,,,,,,20.00,,,,,,3425.00,,,,,,,,,,,,105.50,,,,,,,,No,10+ Days,,08/06/2026,,,,,,,,,,,
N381HC,IHC Health Services,05/27/2026,10330.70,12166,55,Airframe,10330.70,,12166,,INSPECTION,,SAFETY,,Self directed pre winter inspection of Elevator Trim Tab for possible freezing issue.,,,,,,,,08/07/2025,9766.50,11519,,,0,12,,0,0.00,0.00,0,30,,0,0.00,0.00,08/07/2026,,,,,,,,,,11,,2,,,,,,,,,,No,10+ Days,,08/07/2026,,,,,,,,,,,
N904KS,CLASSIC AIR MEDICAL,05/21/2026,3319.50,4054,05 -25-05 INFO,Airframe,3319.50,0.00,4054,0.00,INSPECTION,,INFORMATIONAL,,PHASE (NOT TO EXCEED 200 HRS IN 12 MOS) - informational only - reference of time since last Phase inspection,,,,,,,This Maintenance task is informational only. It has been created with the purpose of not to exceed 200hrs between two Phase inspections. Records personal can add compliance to this informational only item based on the signed off phase inspections,01/14/2026,3227.40,3921,,,,12,200.00,,,,,,20.00,,,,01/31/2027,,3427.40,,,,,,,,4,,8,,107.90,,,,,,,,Yes,10+ Days,,08/07/2026,,,,,,,,,,,
N904KS,CLASSIC AIR MEDICAL,05/21/2026,3319.50,4054,05 7005,Engine 2,2346.10,2705.00,0,0.00,INSPECTION,,,,ENGINE - MINOR INSPECTION - PCE-PZ1074,,,,,,,,01/12/2026,2254.00,,2572.00,,,,200.00,,,,,,20.00,,,,,,2454.00,,,,,,,,,,,,107.90,,,,,,,,No,10+ Days,,08/07/2026,,,,,,,,,,,
N904KS,CLASSIC AIR MEDICAL,05/21/2026,3319.50,4054,05 7005,Engine 1,3319.50,4054.00,0,0.00,INSPECTION,,,,ENGINE - MINOR INSPECTION - PCE-PZ1075,,,,,,,,01/12/2026,3227.40,,3921.00,,,,200.00,,,,,,20.00,,,,,,3427.40,,,,,,,,,,,,107.90,,,,,,,,No,10+ Days,,08/07/2026,,,,,,,,,,,
N381HC,IHC Health Services,05/27/2026,10330.70,12166,33 1010,Airframe,10330.70,,12166,,INSPECTION,,,,"PILOT'S FUEL CONTROL AND LOWER PANEL, COPILOT'S CIRCUIT BREAKER PANEL AND OTHER WIRING CIRCUITRY BELOW THE STORM WINDOWS INSPECTION",,,,,,,[12 DAY WINDOW],08/08/2025,9766.50,11519,,,0,12,,0,0.00,0.00,,12,,,,,08/08/2026,,,,,,,,,,12,,2,,,,,,,,,,No,10+ Days,,08/08/2026,,,,,,,,,,,
N781HC,IHC Health Services,05/27/2026,5181.70,6462,24 9008,Airframe,5181.70,,6462,,PART,None,,,CONCORDE BATTERY CAPACITY CHECK,,RG380E/44,41405576,,,,,02/10/2026,5008.60,6250,,,0,6,,0,0.00,0.00,1,,,,,,08/10/2026,,,,,,,,,,14,,2,,,,,,,,,,No,10+ Days,,08/10/2026,12,12,12,754.20,754.20,754.20,866,866,866,,
N481HC,IHC Health Services,05/27/2026,9887.60,11665,31 40520,Airframe,9887.60,,11665,,INSPECTION,,,FMC,FMC BATTERY REPLACEMENT,,822-0883-053,46XRP,,,,[4 MOS WINDOW],08/10/2021,6101.10,7300,,,0,60,,0,0.00,0.00,4,,,,,,08/10/2026,,,,,,,,,,14,,2,,,,,,,,,,No,10+ Days,,08/10/2026,,,,,,,,,,,
N90HG,CLASSIC AIR MEDICAL,05/26/2026,4206.70,4808,27 4112,Airframe,4206.70,0.00,4808,0.00,INSPECTION,,RII,,(RII) INSPECT LEFT INBOARD FLAP FLEX SHAFT,,,,,,,INSPECTOR SIGNATURE REQUIRED,02/14/2014,,0,,,,,,5000,,,,,,500,,,,,,,5000,,,,,,,,,,,,192,,,,,,No,10+ Days,,08/12/2026,,,,,,,,,,RII,
N90HG,CLASSIC AIR MEDICAL,05/26/2026,4206.70,4808,27 4127,Airframe,4206.70,0.00,4808,0.00,INSPECTION,,RII,,(RII) INSPECT LEFT OUTBOARD FLAP FLEX SHAFT,,,,,,,INSPECTOR SIGNATURE REQUIRED,02/14/2014,,0,,,,,,5000,,,,,,500,,,,,,,5000,,,,,,,,,,,,192,,,,,,No,10+ Days,,08/12/2026,,,,,,,,,,RII,
N90HG,CLASSIC AIR MEDICAL,05/26/2026,4206.70,4808,27 4612,Airframe,4206.70,0.00,4808,0.00,INSPECTION,,RII,,(RII) INSPECT RIGHT INBOARD FLAP FLEX SHAFT,,,,,,,INSPECTOR SIGNATURE REQUIRED,02/14/2014,,0,,,,,,5000,,,,,,500,,,,,,,5000,,,,,,,,,,,,192,,,,,,No,10+ Days,,08/12/2026,,,,,,,,,,RII,
N90HG,CLASSIC AIR MEDICAL,05/26/2026,4206.70,4808,27 4627,Airframe,4206.70,0.00,4808,0.00,INSPECTION,,RII,,(RII) INSPECT RIGHT OUTBOARD FLAP FLEX SHAFT,,,,,,,INSPECTOR SIGNATURE REQUIRED,02/14/2014,,0,,,,,,5000,,,,,,500,,,,,,,5000,,,,,,,,,,,,192,,,,,,No,10+ Days,,08/12/2026,,,,,,,,,,RII,
N90HG,CLASSIC AIR MEDICAL,05/26/2026,4206.70,4808,52 0114,Airframe,4206.70,0.00,4808,0.00,INSPECTION,,AIRWORTHINESS,,REPLACE CABIN ENTRANCE DOOR FORWARD AND AFT SIDE LATCHES OR BAYONETS,,,,,,,,02/14/2014,,0,,,,,,5000,,,,,,,,,,,,,5000,,,,,,,,,,,,192,,,,,,No,10+ Days,,08/12/2026,,,,,,,,,,,
N481HC,IHC Health Services,05/27/2026,9887.60,11665,35 0001,Airframe,9887.60,,11665,,INSPECTION,,INSPECT,,PORTABLE COMP GAS CYLINDER MOUNT BRACKET INSPECTION,,,,,,,,03/09/2026,9679.70,11445,,,0,,400.00,0,0.00,0.00,,,20.00,,,,,,10079.70,,,,,,,,,,,,192.10,,,,,,,,No,10+ Days,,08/12/2026,,,,,,,,,,,
N481HC,IHC Health Services,05/27/2026,9887.60,11665,73 0007,Engine 1,4693.60,4348.00,,,PART,None,RII,,(RII)            ENGINE DRIVEN FUEL PUMP OUTLET FILTER REPLACE,,3059779-01,7366262567,,,,(40 Hour Window] [CUSTOM FREQUENCY] ,03/11/2026,4485.70,,4128.00,,,,400.00,,,,,,40.00,,,,,,4885.70,,,,,,,,,,,,192.10,,,,,,,,No,10+ Days,,08/12/2026,0,,,0.00,,,,,,RII,
N481HC,IHC Health Services,05/27/2026,9887.60,11665,73 0007,Engine 2,4817.00,6012.00,,,PART,None,RII,,(RII)            ENGINE DRIVEN FUEL PUMP OUTLET FILTER REPLACE,,3059779-01,7366171589,,,,(40 Hour Window] [CUSTOM FREQUENCY] ,03/10/2026,4609.10,,5792.00,,,,400.00,,,,,,40.00,,,,,,5009.10,,,,,,,,,,,,192.10,,,,,,,,No,10+ Days,,08/12/2026,,,,,,,,,,RII,
N381HC,IHC Health Services,05/27/2026,10330.70,12166,24 9008,Airframe,10330.70,,12166,,PART,None,,,CONCORDE BATTERY CAPACITY CHECK,,RG380E/44,41405765,,,,,02/13/2026,10144.90,11957,,,0,6,,0,0.00,0.00,1,,,,,,08/13/2026,,,,,,,,,,17,,2,,,,,,,,,,No,10+ Days,,08/13/2026,8,8,8,413.00,413.00,413.00,469,469,469,,
N481HC,IHC Health Services,05/27/2026,9887.60,11665,05 0040,Airframe,9887.60,,11665,,INSPECTION,,INSPECT,,PHASE 4 INSPECTION OPERATION PACKAGE,Rev 12.1 Feb 06 2023,,,,,,[20 HOUR WINDOW],10/02/2025,9283.00,11005,,,0,0,800.00,0,0.00,0.00,,,20.00,,,,,,10083.00,,,,,,,,,,,,195.40,,,,,,,,No,10+ Days,,08/14/2026,,,,,,,,,,Revision B200,
N481HC,IHC Health Services,05/27/2026,9887.60,11665,34 0020.2,Airframe,9887.60,,11665,,INSPECTION,,INSPECT,,ROCKWELL COLLINS EFIS 5000 ICA INSPECTION REQUIREMENT (PHASE 4),,,,,,,[20 HOUR WINDOW],09/29/2025,9283.00,11005,,,0,0,800.00,0,0.00,0.00,,,20.00,,,,,,10083.00,,,,,,,,,,,,195.40,,,,,,,,No,10+ Days,,08/14/2026,,,,,,,,,,ICA,
N481HC,IHC Health Services,05/27/2026,9887.60,11665,37 0005,Airframe,9887.60,,11665,,PART,Life Limited,LIFE LIMIT,,INSTRUMENT AIR FILTER LIFE LIMIT,,101-380039-1,No Lot Number,,,,Removed Instrument Air Filter P/N:  101-380039-1 Replaced with New filter Same P/N. All Work Completed IAW Beechcraft B200 MM.,09/25/2025,9283.00,11005,,,0,0,800.00,0,0.00,0.00,,,,,,,,,10083.00,,,,,,,,,,,,195.40,,,,,,,,No,10+ Days,,08/14/2026,,,,0.00,,,,,,,
N90HG,CLASSIC AIR MEDICAL,05/26/2026,4206.70,4808,32 0646,Airframe,4206.70,0.00,4808,0.00,INSPECTION,,,,INSPECT LEFT MAIN LANDING GEAR ACTUATOR CLEVIS - Inspect clevis hole for excessive wear. Maximum allowable wear of clevis hole is not to exceed 0.3265 inch (Disassembly required).,,,,,,,,11/13/2024,3598.30,4005,,,,,,1000,,,,,,100,,,,,,,5005,,,,,,,,,,,,197,,,,,,No,10+ Days,,08/14/2026,,,,,,,,,,,
N90HG,CLASSIC AIR MEDICAL,05/26/2026,4206.70,4808,32 1146,Airframe,4206.70,0.00,4808,0.00,INSPECTION,,,,INSPECT RIGHT MAIN LANDING GEAR ACTUATOR CLEVIS - Inspect clevis hole for excessive wear. Maximum allowable wear of clevis hole is not to exceed 0.3265 inch (Disassembly required).,,,,,,,,11/18/2024,3598.30,4005,,,,,,1000,,,,,,100,,,,,,,5005,,,,,,,,,,,,197,,,,,,No,10+ Days,,08/14/2026,,,,,,,,,,,
N90HG,CLASSIC AIR MEDICAL,05/26/2026,4206.70,4808,32 1646,Airframe,4206.70,0.00,4808,0.00,INSPECTION,,,,"INSPECT NOSE LANDING GEAR ACTUATOR CLEVIS - Inspect clevis hole for excessive wear (Disassembly require) (Ref. Component Maintenance Manual, 32-00-00).",,,,,,,,11/13/2024,3598.30,4005,,,,,,1000,,,,,,100,,,,,,,5005,,,,,,,,,,,,197,,,,,,No,10+ Days,,08/14/2026,,,,,,,,,,,
N90HG,CLASSIC AIR MEDICAL,05/26/2026,4206.70,4808,32 3008,Airframe,4206.70,0.00,4808,0.00,PART,Life Limited,,,REPLACE HYDRAULIC LANDING GEAR SYSTEM FILTER AND PACKING,,AN6235-3A,No Lot Number,,,,"- Replace filter and packings at first 200-hour inspection and every 1,200 hours or 1,000 cycles thereafter, whichever occurs first. In addition to these replacement frequencies, whenever a hydraulic component is replaced, this filter must be replaced after the system has been checked for operation. This filter must also be replaced at the next inspection after component replacement was made (Ref. Chapter 32).",11/12/2024,3598.30,4005,,,,,1200.00,1000,,,,,120.00,100,,,,,4798.30,,5005,,,,,,,,,,591.60,,197,,,,,,No,10+ Days,,08/14/2026,,,,0.00,,,0,,,,
N481HC,IHC Health Services,05/27/2026,9887.60,11665,24 3005,Airframe,9887.60,,11665,,PART,Overhaul,RII,,(RII)            LEFT STARTER GENERATOR OVERHAUL,,23048-016,P3423,,,,,04/25/2025,9088.20,10769,,,0,0,1000.00,0,0.00,0.00,,,,,,,,,10088.20,,,,,,,,,,,,200.60,,,,,,,,No,10+ Days,,08/16/2026,,0,,,0.00,,,0,,RII,
N981HC,IHC Health Services,04/24/2026,1269.70,894,22 1040,Airframe,1269.70,,894,,INSPECTION,,AIRWORTHINESS,,PERFORM AUTOPILOT DISCONNECT AURAL WARNING OPERATION CHECK,,,,,,,,10/16/2024,1158.50,817,,,,,200.00,,,,,,,,,,,,1358.50,,,,,,,,,,,,88.80,,,,,,,,No,10+ Days,,08/24/2026,,,,,,,,,,,
N981HC,IHC Health Services,04/24/2026,1269.70,894,22 1045,Airframe,1269.70,,894,,INSPECTION,,AIRWORTHINESS,,PERFORM STALL WARNING - AUTOPILOT DISCONNECT OPERATION CHECK,,,,,,,,10/16/2024,1158.50,817,,,,,200.00,,,,,,,,,,,,1358.50,,,,,,,,,,,,88.80,,,,,,,,No,10+ Days,,08/24/2026,,,,,,,,,,,